CRUISE NUMBER,STATION,SPECIES,FISH NUMBER,FL (mm),WT (mm),CWT,FIN CLIP,SEX,OTOLITH #,(0/1),DNA #,SAMPLE,1-PREY,1-VOL (cc),1-D,2-PREY,2-VOL (cc),2-D,3-PREY,3-VOL (cc),3-D,COMMENTS
201778,QCSD01,SABLEFISH,001,380,510,Y,AD,F,CK-1-A1,,254,Y,3X0,3,1,,,,,,,
2019-125,JS01,CHUM,001,212,95,,,F,CM-1-A1,,112301,W,M011,0.7,5,,,,,,,
2019-125,JS01,CHUM,002,176,50,,,,CM-1-A2,,112302,W,RAB,1,3,3G0,0.01,3,,,,
2019-125,JS01,CHUM,003,169,50,,,M,CM-1-A3,,112303,W,M011,0.3,5,,,,,,,
2019-125,JS01,CHUM,004,165,49,,,M,CM-1-A4,,112304,W,M011,0.5,5,,,,,,,
2019-125,JS01,CHUM,005,190,73,,,M,CM-1-A5,,112305,W,M011,0.7,5,,,,,,,
2019-125,JS01,CHUM,006,196,75,,,F,CM-1-A6,,112306,M,M011,0.8,5,,,,,,,
2019-125,JS01,CHUM,007,197,82,,,F,CM-1-A7,,112307,M,M011,0.7,5,,,,,,,
2019-125,JS01,CHUM,008,211,97,,,M,CM-1-A8,,112308,M,M011,0.5,5,,,,,,,
2019-125,JS01,CHUM,009,191,77,,,F,CM-1-A9,,112309,M,M011,0.4,5,,,,,,,
2019-125,JS01,CHUM,010,185,69,,,F,CM-1-A10,,112310,M,M011,0.9,5,,,,,,,
2019-125,JS01,CHUM,011,200,82,,,,,,,,,,,,,,,,,
2019-125,JS01,CHUM,012,193,72,,,,,,,,,,,,,,,,,
2019-125,JS01,CHUM,013,196,78,,,,,,,,,,,,,,,,,
2019-125,JS01,CHUM,014,202,88,,,,,,,,,,,,,,,,,
2019-125,JS01,CHUM,015,198,84,,,,,,,,,,,,,,,,,
2019-125,JS01,CHUM,016,202,85,,,,,,,,,,,,,,,,,
2019-125,JS01,CHUM,017,198,83,,,,,,,,,,,,,,,,,
2019-125,JS01,CHUM,018,200,83,,,,,,,,,,,,,,,,,
2019-125,JS01,CHUM,019,204,85,,,,,,,,,,,,,,,,,
2019-125,JS01,CHUM,020,198,82,,,,,,,,,,,,,,,,,
2019-125,JS01,CHUM,021,192,72,,,,,,,,,,,,,,,,,
2019-125,JS01,CHUM,022,181,67,,,,,,,,,,,,,,,,,
2019-125,JS01,CHUM,023,195,79,,,,,,,,,,,,,,,,,
2019-125,JS01,CHUM,024,201,83,,,,,,,,,,,,,,,,,
2019-125,JS01,CHUM,025,193,70,,,,,,,,,,,,,,,,,
2019-125,JS01,CHUM,026,179,56,,,,,,,,,,,,,,,,,
2019-125,JS01,CHUM,027,208,96,,,,,,,,,,,,,,,,,
2019-125,JS01,CHUM,028,184,63,,,,,,,,,,,,,,,,,
2019-125,JS01,CHUM,029,201,89,,,,,,,,,,,,,,,,,
2019-125,JS01,CHUM,030,182,62,,,,,,,,,,,,,,,,,
2019-125,JS01,SABLEFISH,001,250,137,,,,,,,W,M002,,,,,,,,,
2019-125,JS01,SABLEFISH,002,232,99,,,,,,,W,3G0,1.5,3,,,,,,,
2019-125,JS01,SABLEFISH,003,236,126,,,,,,,W,96,8.5,3,,,,,,,
2019-125,JS01,SABLEFISH,004,240,136,,,,,,,W,96,8.5,3,,,,,,,
2019-125,JS01,SABLEFISH,005,210,86,,,,,,,W,M002,,,,,,,,,
2019-125,JS01,SABLEFISH,006,260,150,,,,,,,,M002,,,,,,,,,
2019-125,JS01,SABLEFISH,007,217,95,,,,,,,,96,7,3,,,,,,,
2019-125,JS01,PINK,001,167,51,,,,PK-1-A1,,108201,W,RAB,0.1,5,,,,,,,
2019-125,JS01,PINK,002,152,32,,,,PK-1-A2,,108202,W,M002,,,,,,,,,
2019-125,JS01,PINK,003,147,29,,,,PK-1-A3,,108203,W,M002,,,,,,,,,
2019-125,JS01,PINK,004,161,36,,,,PK-1-A4,,108204,W,M011,0.01,5,,,,,,,
2019-125,JS01,PINK,005,160,35,,,,PK-1-A5,,108205,W,RAB,0.1,3,,,,,,,
2019-125,JS01,PINK,006,152,32,,,,PK-1-A6,,108206,M,M011,0.01,5,,,,,,,
2019-125,JS01,PINK,007,147,30,,,,PK-1-A7,,108207,M,M002,,,,,,,,,
2019-125,JS01,PINK,008,145,27,,,,PK-1-A8,,108208,M,M002,,,,,,,,,
2019-125,JS01,PINK,009,161,35,,,,PK-1-A9,,108209,M,M002,,,,,,,,,
2019-125,JS01,PINK,010,159,35,,,,PK-1-A10,,108210,M,M002,,,,,,,,,
2019-125,JS01,PINK,011,159,35,,,,,,,,,,,,,,,,,
2019-125,JS01,PINK,012,151,32,,,,,,,,,,,,,,,,,
2019-125,JS01,PINK,013,147,32,,,,,,,,,,,,,,,,,
2019-125,JS01,PINK,014,143,26,,,,,,,,,,,,,,,,,
2019-125,JS01,PINK,015,184,62,,,,,,,,,,,,,,,,,
2019-125,JS01,PINK,016,152,32,,,,,,,,,,,,,,,,,
2019-125,JS01,PINK,017,167,42,,,,,,,,,,,,,,,,,
2019-125,JS01,PINK,018,159,34,,,,,,,,,,,,,,,,,
2019-125,JS01,PINK,019,172,46,,,,,,,,,,,,,,,,,
2019-125,JS01,PINK,020,155,36,,,,,,,,,,,,,,,,,
2019-125,JS01,PINK,021,163,37,,,,,,,,,,,,,,,,,
2019-125,JS01,PINK,022,184,63,,,,,,,,,,,,,,,,,
2019-125,JS01,PINK,023,162,39,,,,,,,,,,,,,,,,,
2019-125,JS01,PINK,024,155,34,,,,,,,,,,,,,,,,,
2019-125,JS01,PINK,025,148,26,,,,,,,,,,,,,,,,,
2019-125,JS01,PINK,026,171,43,,,,,,,,,,,,,,,,,
2019-125,JS01,PINK,027,185,67,,,,,,,,,,,,,,,,,
2019-125,JS01,PINK,028,152,31,,,,,,,,,,,,,,,,,
2019-125,JS01,PINK,029,160,38,,,,,,,,,,,,,,,,,
2019-125,JS01,PINK,030,163,40,,,,,,,,,,,,,,,,,
2019-125,JS01,CHINOOK,001,170,49,,AD,,CK-1-A1,,124301,W,M002,,,,,,,,,
2019-125,JS01,CHINOOK,002,205,98,,,,CK-1-A2,,124302,W,M002,,,,,,,,,
2019-125,JS01,CHINOOK,003,163,51,,,,CK-1-A3,,124303,W,M002,,,,,,,,,
2019-125,JS01,CHINOOK,004,164,52,,,,CK-1-A4,,124304,W,M002,,,,,,,,,
2019-125,JS01,CHINOOK,005,106,12,,,,CK-1-A5,,124305,W,M011,0.01,5,,,,,,,
2019-125,JS01,CHINOOK,006,132,25,,,,CK-1-A6,,124306,M,M002,,,,,,,,,
2019-125,JS01,CHINOOK,007,154,38,,,,CK-1-A7,,124307,M,M002,,,,,,,,,
2019-125,JS01,CHINOOK,008,202,96,Y,AD,,CK-1-A8,,124308,M,SCA,0.1,5,,,,,,,
2019-125,JS01,CHINOOK,009,160,48,,,,CK-1-A9,,124309,M,M011,0.01,5,,,,,,,
2019-125,JS01,CHINOOK,010,168,53,,,,CK-1-A10,,124310,M,M002,,,,,,,,,
2019-125,JS01,CHINOOK,011,174,59,,,,,,,,,,,,,,,,,
2019-125,JS01,CHINOOK,012,179,61,,,,,,,,,,,,,,,,,
2019-125,JS01,HERRING,001,099,10,,,,,,,W,M011,0.01,5,,,,,,,
2019-125,JS01,HERRING,002,108,13,,,,,,,W,M011,0.01,5,,,,,,,
2019-125,JS01,HERRING,003,110,13,,,,,,,W,M002,,,,,,,,,
2019-125,JS01,HERRING,004,106,13,,,,,,,W,M002,,,,,,,,,
2019-125,JS01,HERRING,005,094,9,,,,,,,W,M002,,,,,,,,,
2019-125,JS01,HERRING,006,094,9,,,,,,,M,M002,,,,,,,,,
2019-125,JS01,HERRING,007,110,16,,,,,,,M,M011,0.01,5,,,,,,,
2019-125,JS01,HERRING,008,106,13,,,,,,,M,M002,,,,,,,,,
2019-125,JS01,HERRING,009,090,7,,,,,,,M,M002,,,,,,,,,
2019-125,JS01,HERRING,010,094,9,,,,,,,M,M002,,,,,,,,,
2019-125,JS01,HERRING,011,105,13,,,,,,,,,,,,,,,,,
2019-125,JS01,HERRING,012,091,8,,,,,,,,,,,,,,,,,
2019-125,JS01,HERRING,013,112,17,,,,,,,,,,,,,,,,,
2019-125,JS01,HERRING,014,101,10,,,,,,,,,,,,,,,,,
2019-125,JS01,HERRING,015,109,13,,,,,,,,,,,,,,,,,
2019-125,JS01,HERRING,016,105,13,,,,,,,,,,,,,,,,,
2019-125,JS01,HERRING,017,094,9,,,,,,,,,,,,,,,,,
2019-125,JS01,HERRING,018,105,12,,,,,,,,,,,,,,,,,
2019-125,JS01,HERRING,019,100,10,,,,,,,,,,,,,,,,,
2019-125,JS01,HERRING,020,106,13,,,,,,,,,,,,,,,,,
2019-125,JS01,HERRING,021,102,11,,,,,,,,,,,,,,,,,
2019-125,JS01,HERRING,022,087,7,,,,,,,,,,,,,,,,,
2019-125,JS01,HERRING,023,096,9,,,,,,,,,,,,,,,,,
2019-125,JS01,HERRING,024,109,15,,,,,,,,,,,,,,,,,
2019-125,JS01,HERRING,025,099,11,,,,,,,,,,,,,,,,,
2019-125,JS01,HERRING,026,101,10,,,,,,,,,,,,,,,,,
2019-125,JS01,HERRING,027,097,10,,,,,,,,,,,,,,,,,
2019-125,JS01,HERRING,028,087,7,,,,,,,,,,,,,,,,,
2019-125,JS01,HERRING,029,097,10,,,,,,,,,,,,,,,,,
2019-125,JS01,HERRING,030,100,11,,,,,,,,,,,,,,,,,
2019-125,JS01,HERRING,031,090,9,,,,,,,,,,,,,,,,,
2019-125,JS01,HERRING,032,095,9,,,,,,,,,,,,,,,,,
2019-125,JS01,HERRING,033,102,12,,,,,,,,,,,,,,,,,
2019-125,JS01,HERRING,034,097,11,,,,,,,,,,,,,,,,,
2019-125,JS01,HERRING,035,098,11,,,,,,,,,,,,,,,,,
2019-125,JS01,HERRING,036,102,13,,,,,,,,,,,,,,,,,
2019-125,JS01,HERRING,037,102,11,,,,,,,,,,,,,,,,,
2019-125,JS01,HERRING,038,103,11,,,,,,,,,,,,,,,,,
2019-125,JS01,HERRING,039,093,9,,,,,,,,,,,,,,,,,
2019-125,JS01,HERRING,040,093,9,,,,,,,,,,,,,,,,,
2019-125,JS01,HERRING,041,111,14,,,,,,,,,,,,,,,,,
2019-125,JS01,HERRING,042,094,8,,,,,,,,,,,,,,,,,
2019-125,JS01,HERRING,043,106,12,,,,,,,,,,,,,,,,,
2019-125,JS01,HERRING,044,087,7,,,,,,,,,,,,,,,,,
2019-125,JS01,HERRING,045,094,9,,,,,,,,,,,,,,,,,
2019-125,JS01,HERRING,046,102,12,,,,,,,,,,,,,,,,,
2019-125,JS01,HERRING,047,111,15,,,,,,,,,,,,,,,,,
2019-125,JS01,HERRING,048,106,13,,,,,,,,,,,,,,,,,
2019-125,JS01,HERRING,049,102,11,,,,,,,,,,,,,,,,,
2019-125,JS01,HERRING,050,112,15,,,,,,,,,,,,,,,,,
2019-125,JS01,HERRING,051,095,9,,,,,,,,,,,,,,,,,
2019-125,JS01,HERRING,052,110,14,,,,,,,,,,,,,,,,,
2019-125,JS01,HERRING,053,108,14,,,,,,,,,,,,,,,,,
2019-125,JS01,HERRING,054,095,10,,,,,,,,,,,,,,,,,
2019-125,JS01,HERRING,055,099,10,,,,,,,,,,,,,,,,,
2019-125,JS01,HERRING,056,100,12,,,,,,,,,,,,,,,,,
2019-125,JS01,HERRING,057,102,11,,,,,,,,,,,,,,,,,
2019-125,JS01,HERRING,058,099,10,,,,,,,,,,,,,,,,,
2019-125,JS01,HERRING,059,096,10,,,,,,,,,,,,,,,,,
2019-125,JS01,HERRING,060,104,12,,,,,,,,,,,,,,,,,
2019-125,JS01,HERRING,061,106,13,,,,,,,,,,,,,,,,,
2019-125,JS01,HERRING,062,100,10,,,,,,,,,,,,,,,,,
2019-125,JS01,HERRING,063,103,12,,,,,,,,,,,,,,,,,
2019-125,JS01,HERRING,064,105,12,,,,,,,,,,,,,,,,,
2019-125,JS01,HERRING,065,107,13,,,,,,,,,,,,,,,,,
2019-125,JS01,HERRING,066,117,17,,,,,,,,,,,,,,,,,
2019-125,JS01,HERRING,067,108,13,,,,,,,,,,,,,,,,,
2019-125,JS01,HERRING,068,111,14,,,,,,,,,,,,,,,,,
2019-125,JS01,HERRING,069,098,10,,,,,,,,,,,,,,,,,
2019-125,JS01,HERRING,070,097,10,,,,,,,,,,,,,,,,,
2019-125,JS01,HERRING,071,101,10,,,,,,,,,,,,,,,,,
2019-125,JS01,HERRING,072,115,16,,,,,,,,,,,,,,,,,
2019-125,JS01,HERRING,073,104,13,,,,,,,,,,,,,,,,,
2019-125,JS01,HERRING,074,102,12,,,,,,,,,,,,,,,,,
2019-125,JS01,HERRING,075,094,9,,,,,,,,,,,,,,,,,
2019-125,JS01,HERRING,076,091,7,,,,,,,,,,,,,,,,,
2019-125,JS01,HERRING,077,107,13,,,,,,,,,,,,,,,,,
2019-125,JS01,HERRING,078,098,10,,,,,,,,,,,,,,,,,
2019-125,JS01,HERRING,079,093,8,,,,,,,,,,,,,,,,,
2019-125,JS01,HERRING,080,091,8,,,,,,,,,,,,,,,,,
2019-125,JS02,CHINOOK,001,164,44,,,,CK-1-A11,,124311,W,IJF,0.01,3,,,,,,,
2019-125,JS02,CHINOOK,002,212,100,,,,CK-1-A12,1,124312,W,RAB,0.2,3,,,,,,,
2019-125,JS02,CHINOOK,003,179,58,,,,CK-1-B1,,124313,W,IJF,0.01,5,,,,,,,
2019-125,JS02,CHINOOK,004,193,81,Y,AD,,CK-1-B2,,124314,W,OAA,0.01,3,,,,,,,
2019-125,JS02,CHINOOK,005,175,64,,,,CK-1-B3,,124315,W,M002,,,,,,,,,
2019-125,JS02,SABLEFISH,001,248,131,,,,,,,W,OAB,1.1,3,,,,,,,
2019-125,JS02,SABLEFISH,001,246,119,,,,,,,W,M010,0.01,5,,,,,,,EYEBALL LENSE
2019-125,JS02,PINK,001,145,29,,,,PK-1-A11,,108211,W,M011,0.01,5,,,,,,,
2019-125,JS02,SOCKEYE,001,151,31,,,,SE-1-A1,,118101,W,RAB,0.1,5,OAA,0.01,3,OAB,0.01,3,BLOOD 332
2019-125,JS02,CHUM,001,215,104,,,,CM-1-A11,,112311,W,M011,1.4,5,,,,,,,
2019-125,JS02,CHUM,002,203,90,,,,CM-1-A12,,112312,W,M011,0.5,5,,,,,,,
2019-125,JS02,CHUM,003,210,99,,,,CM-1-B1,,112313,W,M011,0.6,5,,,,,,,
2019-125,JS02,CHUM,004,209,103,,,,CM-1-B2,,112314,W,M011,0.9,5,,,,,,,
2019-125,JS02,CHUM,005,207,93,,,,CM-1-B3,,112315,W,M011,1.1,5,,,,,,,
2019-125,JS02,CHUM,006,204,88,,,,CM-1-B4,,112316,M,M011,1,5,,,,,,,
2019-125,JS02,CHUM,007,207,90,,,,CM-1-B5,,112317,M,M011,1,5,,,,,,,
2019-125,JS02,CHUM,008,216,109,,,,CM-1-B6,,112318,M,M011,1.6,5,,,,,,,
2019-125,JS02,CHUM,009,199,78,,,,CM-1-B7,,112319,M,M011,0.2,5,,,,,,,
2019-125,JS02,CHUM,010,195,76,,,,CM-1-B8,,112320,M,M011,0.3,5,,,,,,,
2019-125,JS02,CHUM,011,203,96,,,,,,,,,,,,,,,,,
2019-125,JS02,CHUM,012,190,71,,,,,,,,,,,,,,,,,
2019-125,JS02,HERRING,001,104,10,,,,,,,W,M011,0.01,5,,,,,,,
2019-125,JS02,HERRING,002,109,13,,,,,,,W,M002,,,,,,,,,
2019-125,JS02,HERRING,003,104,11,,,,,,,W,M002,,,,,,,,,
2019-125,JS02,HERRING,004,084,5,,,,,,,W,M002,,,,,,,,,
2019-125,JS02,HERRING,005,098,9,,,,,,,W,M011,0.01,5,,,,,,,
2019-125,JS03,CHINOOK,001,150,35,,,,CK-1-B4,,124316,W,OAA,0.1,3,,,,,,,
2019-125,JS03,SOCKEYE,001,151,32,,,,SE-1-A2,,118102,W,M011,0.01,5,,,,,,,BLOOD 333
2019-125,JS04,SOCKEYE,001,153,36,,,,SE-1-A3,,118103,W,OAA,0.3,3,M004,0.01,3,,,,BLOOD 334
2019-125,JS04,SOCKEYE,002,160,40,,,,SE-1-A4,,118104,W,OAA,1,3,,,,,,,BLOOD 335
2019-125,JS04,PINK,001,182,56,,,,PK-1-A12,,108213,W,OAA,0.2,1,,,,,,,
2019-125,JS04,PINK,002,164,38,,,,PK-1-B1,,108214,W,OAA,0.6,1,RAB,0.01,3,,,,
2019-125,JS04,CHINOOK,001,171,41,,,,CK-1-B5,,124317,W,WAA,0.1,1,M004,0.01,1,OAA,0.01,1,WAA ADULT CRAB
2019-125,JS05,SOCKEYE,001,153,36,,,,SE-1-A5,,118105,W,OAA,0.2,1,RAB,0.2,5,,,,
2019-125,JS05,CHINOOK,001,214,110,,,,CK-1-B6,,124318,W,OAA,0.01,3,,,,,,,
2019-125,JS05,CHINOOK,002,171,53,,,,CK-1-B7,,124319,W,M002,,,,,,,,,
2019-125,JS05,CHUM,001,191,73,,,,CM-1-B9,,112321,W,M011,1.2,5,OAA,0.1,3,,,,
2019-125,JS05,PINK,001,159,41,,,,PK-1-B2,,108215,W,OAA,2,3,,,,,,,
2019-125,JS05,PINK,002,158,43,,,,PK-1-B3,,108216,W,OAA,1.7,3,,,,,,,
2019-125,JS05,PINK,003,158,39,,,,PK-1-B4,,108217,W,OAA,2.5,3,,,,,,,
2019-125,JS05,PINK,004,167,40,,,,PK-1-B5,,108218,W,OAA,1,3,,,,,,,
2019-125,JS05,PINK,005,149,30,,,,PK-1-B6,,108219,W,OAA,1.2,3,M011,0.01,5,,,,
2019-125,JS05,PINK,006,150,30,,,,PK-1-B7,,108220,M,RAB,0.1,5,OAA,0.1,3,,,,
2019-125,JS05,PINK,007,157,39,,,,PK-1-B8,,108221,M,OAA,2.5,3,,,,,,,
2019-125,JS05,PINK,008,192,69,,,,PK-1-B9,,108222,M,OAA,2.2,3,,,,,,,
2019-125,JS06,PINK,001,171,49,,,,PK-1-B10,,108223,W,OAA,1.8,1,,,,,,,
2019-125,JS06,PINK,002,162,46,,,,PK-1-B11,,108224,W,OAA,2.7,1,,,,,,,
2019-125,JS06,PINK,003,164,43,,,,PK-1-B12,,108225,W,OAA,2.6,1,,,,,,,
2019-125,JS06,PINK,004,152,37,,,,PK-1-C1,,108226,W,OAA,3,1,,,,,,,
2019-125,JS06,PINK,005,166,48,,,,PK-1-C2,0,108227,W,OAA,2.8,1,,,,,,,
2019-125,JS06,PINK,006,160,43,,,,PK-1-C3,,108228,M,OAA,2.4,1,,,,,,,
2019-125,JS06,PINK,007,167,49,,,,PK-1-C4,,108229,M,OAA,3.1,1,,,,,,,
2019-125,JS06,PINK,008,182,60,,,,PK-1-C5,,108230,M,OAA,4.5,1,,,,,,,
2019-125,JS06,PINK,009,190,74,,,,PK-1-C6,,108231,M,OAA,2.4,1,,,,,,,
2019-125,JS06,PINK,010,153,38,,,,PK-1-C7,,108232,M,OAA,3.6,1,,,,,,,
2019-125,JS06,PINK,011,158,40,,,,,,,,,,,,,,,,,
2019-125,JS06,PINK,012,185,69,,,,,,,,,,,,,,,,,
2019-125,JS06,PINK,013,159,40,,,,,,,,,,,,,,,,,
2019-125,JS06,PINK,014,160,43,,,,,,,,,,,,,,,,,
2019-125,JS06,PINK,015,162,42,,,,,,,,,,,,,,,,,
2019-125,JS06,PINK,016,163,44,,,,,,,,,,,,,,,,,
2019-125,JS06,PINK,017,161,42,,,,,,,,,,,,,,,,,
2019-125,JS06,PINK,018,156,39,,,,,,,,,,,,,,,,,
2019-125,JS06,PINK,019,154,39,,,,,,,,,,,,,,,,,
2019-125,JS06,PINK,020,177,55,,,,,,,,,,,,,,,,,
2019-125,JS06,PINK,021,152,35,,,,,,,,,,,,,,,,,
2019-125,JS06,PINK,022,149,33,,,,,,,,,,,,,,,,,
2019-125,JS06,CHINOOK,001,195,84,,,,CK-1-B8,,124320,W,92A,0.01,1,OAA,0.01,3,M011,0.01,5,
2019-125,JS06,CHUM,001,170,51,,,,CM-1-B10,,112322,W,OAA,1.5,1,M011,0.4,5,,,,
2019-125,JS07,SOCKEYE,001,157,36,,,,SE-1-A6,,118106,W,OAA,0.01,3,,,,,,,BLOOD 337
2019-125,JS07,SOCKEYE,002,164,41,,,,SE-1-A7,,118107,W,OAA,0.1,3,,,,,,,BLOOD 338
2019-125,JS07,SOCKEYE,003,144,30,,,,SE-1-A8,,118108,W,OAA,0.1,3,,,,,,,BLOOD 339
2019-125,JS07,SOCKEYE,004,162,39,,,,SE-1-A9,,118109,W,OAA,0.01,3,,,,,,,BLOOD 340
2019-125,JS07,SOCKEYE,005,160,40,,,,SE-1-A10,,118110,W,OAA,0.01,3,,,,,,,BLOOD 341
2019-125,JS07,SOCKEYE,006,167,50,,,,SE-1-A11,,118111,W,OAA,0.01,3,,,,,,,BLOOD 342
2019-125,JS07,SOCKEYE,007,162,42,,,,SE-1-A12,,118112,W,OAA,0.01,3,,,,,,,BLOOD 343
2019-125,JS07,SOCKEYE,008,147,33,,,,SE-1-B1,,118113,W,OAA,0.01,3,,,,,,,BLOOD 344
2019-125,JS07,SOCKEYE,009,156,38,,,,SE-1-B2,,118114,W,OAA,0.01,3,,,,,,,BLOOD 345
2019-125,JS07,SOCKEYE,010,145,29,,,,SE-1-B3,,118115,W,OAA,0.1,3,,,,,,,BLOOD 346
2019-125,JS07,SOCKEYE,011,146,35,,,,,,,,,,,,,,,,,
2019-125,JS07,SOCKEYE,012,146,32,,,,,,,,,,,,,,,,,
2019-125,JS07,SOCKEYE,013,150,35,,,,,,,,,,,,,,,,,
2019-125,JS07,SOCKEYE,014,147,35,,,,,,,,,,,,,,,,,
2019-125,JS07,SOCKEYE,015,152,35,,,,,,,,,,,,,,,,,
2019-125,JS07,SOCKEYE,016,154,39,,,,,,,,,,,,,,,,,
2019-125,JS07,SOCKEYE,017,141,27,,,,,,,,,,,,,,,,,
2019-125,JS07,SOCKEYE,018,163,44,,,,,,,,,,,,,,,,,
2019-125,JS07,SOCKEYE,019,147,32,,,,,,,,,,,,,,,,,
2019-125,JS07,SOCKEYE,020,155,38,,,,,,,,,,,,,,,,,
2019-125,JS07,SOCKEYE,021,155,38,,,,,,,,,,,,,,,,,
2019-125,JS07,SOCKEYE,022,139,28,,,,,,,,,,,,,,,,,
2019-125,JS07,SOCKEYE,023,145,32,,,,,,,,,,,,,,,,,
2019-125,JS07,SOCKEYE,024,145,32,,,,,,,,,,,,,,,,,
2019-125,JS07,PINK,001,144,27,,,,PK-1-C8,,108233,W,OAA,0.01,3,,,,,,,
2019-125,JS07,PINK,002,168,42,,,,PK-1-C9,,108234,W,OAA,0.01,5,,,,,,,
2019-125,JS07,PINK,003,160,41,,,,PK-1-C10,,108235,W,OAA,0.01,3,,,,,,,
2019-125,JS07,PINK,004,149,33,,,,PK-1-C11,,108236,W,OAA,0.1,3,,,,,,,
2019-125,JS07,PINK,005,163,40,,,,PK-1-C12,,108237,W,OAA,0.2,3,,,,,,,
2019-125,JS07,PINK,006,148,32,,,,PK-1-D1,0,108238,M,M002,,,,,,,,,
2019-125,JS07,PINK,007,170,54,,,,PK-1-D2,,108239,M,OAA,0.1,3,,,,,,,
2019-125,JS07,PINK,008,161,43,,,,PK-1-D3,,108240,M,OAA,0.01,3,,,,,,,
2019-125,JS07,PINK,009,168,41,,,,PK-1-D4,,108241,M,OAA,0.01,3,,,,,,,
2019-125,JS07,PINK,010,163,42,,,,PK-1-D5,,108242,M,M002,,,,,,,,,
2019-125,JS07,PINK,011,159,30,,,,,,,,,,,,,,,,,
2019-125,JS07,PINK,012,171,47,,,,,,,,,,,,,,,,,
2019-125,JS07,PINK,013,185,59,,,,,,,,,,,,,,,,,
2019-125,JS07,PINK,014,202,87,,,,,,,,,,,,,,,,,
2019-125,JS07,PINK,015,155,37,,,,,,,,,,,,,,,,,
2019-125,JS07,PINK,016,169,45,,,,,,,,,,,,,,,,,
2019-125,JS07,PINK,017,152,35,,,,,,,,,,,,,,,,,
2019-125,JS07,PINK,018,180,61,,,,,,,,,,,,,,,,,
2019-125,JS07,PINK,019,198,81,,,,,,,,,,,,,,,,,
2019-125,JS07,PINK,020,160,42,,,,,,,,,,,,,,,,,
2019-125,JS07,PINK,021,172,54,,,,,,,,,,,,,,,,,
2019-125,JS07,PINK,022,155,39,,,,,,,,,,,,,,,,,
2019-125,JS07,PINK,023,146,30,,,,,,,,,,,,,,,,,
2019-125,JS07,PINK,024,157,43,,,,,,,,,,,,,,,,,
2019-125,JS07,PINK,025,158,38,,,,,,,,,,,,,,,,,
2019-125,JS07,PINK,026,151,34,,,,,,,,,,,,,,,,,
2019-125,JS07,PINK,027,171,52,,,,,,,,,,,,,,,,,
2019-125,JS07,PINK,028,158,40,,,,,,,,,,,,,,,,,
2019-125,JS07,PINK,029,170,54,,,,,,,,,,,,,,,,,
2019-125,JS07,PINK,030,145,30,,,,,,,,,,,,,,,,,
2019-125,JS07,CHUM,001,196,88,,,,,,112323,W,OAA,0.4,3,,,,,,,
2019-125,JS07,CHUM,002,200,80,,,,CM-1-B11,,112324,W,OAA,0.1,3,,,,,,,
2019-125,JS07,CHUM,003,204,89,,,,CM-1-B12,,112325,W,OAA,0.3,3,,,,,,,
2019-125,JS07,CHUM,004,201,83,,,,CM-1-C1,,112326,W,OAA,0.1,3,,,,,,,
2019-125,JS07,CHUM,005,199,79,,,,CM-1-C2,,112327,W,OAA,0.2,3,,,,,,,
2019-125,JS07,CHUM,006,202,88,,,,CM-1-C3,,112328,M,OAA,0.2,3,,,,,,,
2019-125,JS07,CHUM,007,177,61,,,,CM-1-C4,,112329,M,OAA,0.1,3,,,,,,,
2019-125,JS07,CHUM,008,191,69,,,,CM-1-C5,,112330,M,OAA,0.1,3,,,,,,,
2019-125,JS07,CHUM,009,202,81,,,,CM-1-C6,,112331,M,OAA,0.01,3,,,,,,,
2019-125,JS07,CHUM,010,205,91,,,,CM-1-C7,,112332,M,OAA,0.2,3,,,,,,,
2019-125,JS07,CHUM,011,195,72,,,,,,,,,,,,,,,,,
2019-125,JS07,CHUM,012,197,72,,,,,,,,,,,,,,,,,
2019-125,JS07,CHUM,013,204,85,,,,,,,,,,,,,,,,,
2019-125,JS07,CHUM,014,199,77,,,,,,,,,,,,,,,,,
2019-125,JS07,CHUM,015,200,86,,,,,,,,,,,,,,,,,
2019-125,JS07,CHUM,016,210,96,,,,,,,,,,,,,,,,,
2019-125,JS07,CHUM,017,202,83,,,,,,,,,,,,,,,,,
2019-125,JS07,CHUM,018,211,98,,,,,,,,,,,,,,,,,
2019-125,JS07,CHUM ADULT,001,668,3490,,,M,CM-1-C8,,112333,M,M002,,,,,,,,,
2019-125,JS07,COHO,001,362,572,,,M,CO-1-A1,,115401,M,96,2.5,5,,,,,,,
2019-125,JS07,SABLEFISH,001,254,145,,,,,,,,OAA,0.01,3,M011,0.01,5,,,,
2019-125,JS07,SABLEFISH,002,269,179,,,,,,,,M010,1,5,,,,,,,
2019-125,JS08,SOCKEYE,001,145,32,,,,SE-1-B4,,118116,W,OAA,0.01,3,,,,,,,BLOOD 347
2019-125,JS08,CHINOOK ADULT,001,345,541,,AD,M,CK-1-B9,,124321,M,96,10.5,1,,,,,,,
2019-125,JS08,CHUM,001,201,84,,,,CM-1-C9,,112334,W,OAA,0.01,3,,,,,,,
2019-125,JS08,PINK,001,160,39,,,,PK-1-D6,,108243,W,OAA,0.1,1,,,,,,,
2019-125,JS08,PINK,002,203,84,,,,PK-1-D7,,108244,W,OAA,0.01,1,,,,,,,
2019-125,JS08,PINK,003,157,35,,,,PK-1-D8,,108245,W,OAA,0.5,3,,,,,,,
2019-125,JS08,PINK,004,163,39,,,,PK-1-D9,,108246,W,OAA,0.01,1,,,,,,,
2019-125,JS08,PINK,005,168,48,,,,PK-1-D10,,108247,W,OAA,0.9,3,,,,,,,
2019-125,JS08,PINK,006,170,51,,,,PK-1-D11,,108248,M,OAA,0.01,5,,,,,,,
2019-125,JS08,PINK,007,166,49,,,,PK-1-D12,,108249,M,OAA,0.6,3,,,,,,,
2019-125,QCST01,SOCKEYE,001,152,38,,,,SE-1-B5,,118117,W,RAB,1.9,3,OAA,0.01,5,,,,BLOOD 348
2019-125,QCST01,SOCKEYE,002,151,36,,,,SE-1-B6,,118118,W,RAB,1.3,3,OAA,0.01,5,,,,BLOOD 349
2019-125,QCST01,SOCKEYE,003,167,50,,,,SE-1-B7,,118119,W,OAA,0.4,3,RAB,1.9,3,,,,BLOOD 350
2019-125,QCST01,SOCKEYE,004,171,53,,,,SE-1-B8,,118120,W,RAB,1.3,3,OAA,0.4,3,,,,BLOOD 351
2019-125,QCST01,SOCKEYE,005,168,52,,,,SE-1-B9,,118121,W,RAB,1.2,3,,,,,,,BLOOD 352
2019-125,QCST01,SOCKEYE,006,170,57,,,,SE-1-B10,,118122,M,RAB,2.1,3,OAA,0.3,3,,,,BLOOD 353
2019-125,QCST01,SOCKEYE,007,157,40,,,,SE-1-B11,1,118123,M,RAB,0.8,3,,,,,,,BLOOD 354
2019-125,QCST01,SOCKEYE,008,161,43,,,,SE-1-B12,,118124,M,RAB,1,3,OAA,0.3,3,,,,BLOOD 355
2019-125,QCST01,SOCKEYE,009,170,52,,,,SE-1-C1,,118125,M,RAB,2.1,3,,,,,,,BLOOD 356
2019-125,QCST01,SOCKEYE,010,143,30,,,,SE-1-C2,,118126,M,RAB,1.1,3,OAA,0.01,5,,,,BLOOD 357
2019-125,QCST01,PINK,001,177,58,,,,PK-1-E1,,108250,W,RAB,4.2,3,OAA,0.01,3,,,,
2019-125,QCST01,PINK,002,150,37,,,,PK-1-E2,,108251,W,RAB,2.4,3,OAA,0.01,3,,,,
2019-125,QCST01,PINK,003,148,32,,,,PK-1-E3,,108252,W,RAB,1.3,3,,,,,,,
2019-125,QCST01,PINK,004,168,57,,,,PK-1-E4,,108253,W,RAB,3.9,3,,,,,,,
2019-125,QCST01,PINK,005,195,88,,,,PK-1-E5,,108254,W,RAB,5.5,3,,,,,,,
2019-125,QCST01,PINK,006,152,37,,,,PK-1-E6,,108255,M,RAB,2.2,3,OAA,0.01,3,,,,
2019-125,QCST01,PINK,007,173,57,,,,PK-1-E7,,108256,M,RAB,2.9,3,,,,,,,
2019-125,QCST01,PINK,008,157,43,,,,PK-1-E8,,108257,M,RAB,0.5,3,,,,,,,
2019-125,QCST01,PINK,009,169,50,,,,PK-1-E9,,108258,M,RAB,2.8,3,OAA,0.01,3,,,,
2019-125,QCST01,PINK,010,172,56,,,,PK-1-E10,,108259,M,RAB,3.6,3,OAA,0.01,3,,,,
2019-125,QCST01,PINK,011,180,74,,,,,,,,,,,,,,,,,
2019-125,QCST01,PINK,012,177,54,,,,,,,,,,,,,,,,,
2019-125,QCST01,PINK,013,209,102,,,,,,,,,,,,,,,,,
2019-125,QCST01,PINK,014,158,42,,,,,,,,,,,,,,,,,
2019-125,QCST01,PINK,015,190,81,,,,,,,,,,,,,,,,,
2019-125,QCST01,PINK,016,158,43,,,,,,,,,,,,,,,,,
2019-125,QCST01,PINK,017,179,70,,,,,,,,,,,,,,,,,
2019-125,QCST01,PINK,018,160,48,,,,,,,,,,,,,,,,,
2019-125,QCST01,PINK,019,195,84,,,,,,,,,,,,,,,,,
2019-125,QCST01,PINK,020,172,60,,,,,,,,,,,,,,,,,
2019-125,QCST01,PINK,021,156,43,,,,,,,,,,,,,,,,,
2019-125,QCST01,PINK,022,141,29,,,,,,,,,,,,,,,,,
2019-125,QCST01,PINK,023,161,52,,,,,,,,,,,,,,,,,
2019-125,QCST01,PINK,024,177,66,,,,,,,,,,,,,,,,,
2019-125,QCST01,PINK,025,171,57,,,,,,,,,,,,,,,,,
2019-125,QCST01,PINK,026,170,57,,,,,,,,,,,,,,,,,
2019-125,QCST01,PINK,027,170,57,,,,,,,,,,,,,,,,,
2019-125,QCST01,PINK,028,190,82,,,,,,,,,,,,,,,,,
2019-125,QCST01,PINK,029,182,66,,,,,,,,,,,,,,,,,
2019-125,QCST01,PINK,030,171,57,,,,,,,,,,,,,,,,,
2019-125,QCST01,CHINOOK,001,185,70,,,,CK-1-B10,,124322,W,RAB,3.2,5,,,,,,,
2019-125,QCST01,HERRING,001,145,33,,,,,,,,M002,,,,,,,,,
2019-125,QCST01,SABLEFISH,001,246,137,,,,,,,W,RAB,9.5,3,,,,,,,
2019-125,QCST01,SABLEFISH,002,235,136,,,,,,,W,RAB,11,3,,,,,,,
2019-125,QCST01,SABLEFISH,003,249,126,,,,,,,W,RAB,2,5,,,,,,,
2019-125,QCST01,SABLEFISH,004,244,136,,,,,,,W,RAB,7.5,3,,,,,,,
2019-125,QCST01,SABLEFISH,005,247,139,,,,,,,W,RAB,14.5,3,,,,,,,
2019-125,QCST01,SABLEFISH,006,213,89,,,,,,,M,RAB,7,3,,,,,,,
2019-125,QCST01,SABLEFISH,007,240,125,,,,,,,M,RAB,11.2,3,,,,,,,
2019-125,QCST01,SABLEFISH,008,235,122,,,,,,,M,RAB,2,3,,,,,,,
2019-125,QCST01,SABLEFISH,009,242,113,,,,,,,M,RAB,3.5,3,OAA,0.01,1,,,,
2019-125,QCST01,SABLEFISH,010,250,131,,,,,,,M,RAB,5.5,3,M010,2.5,5,,,,
2019-125,QCST01,SABLEFISH,011,243,130,,,,,,,,,,,,,,,,,
2019-125,QCST01,SABLEFISH,012,241,122,,,,,,,,,,,,,,,,,
2019-125,QCST01,SABLEFISH,013,239,123,,,,,,,,,,,,,,,,,
2019-125,QCST01,SABLEFISH,014,225,104,,,,,,,,,,,,,,,,,
2019-125,QCST01,SABLEFISH,015,227,115,,,,,,,,,,,,,,,,,
2019-125,QCST01,SABLEFISH,016,230,101,,,,,,,,,,,,,,,,,
2019-125,QCST01,SABLEFISH,017,241,137,,,,,,,,,,,,,,,,,
2019-125,QCST01,SABLEFISH,018,247,148,,,,,,,,,,,,,,,,,
2019-125,QCST01,SABLEFISH,019,238,142,,,,,,,,,,,,,,,,,
2019-125,QCST01,SABLEFISH,020,257,138,,,,,,,,,,,,,,,,,
2019-125,QCST01,SABLEFISH,021,234,125,,,,,,,,,,,,,,,,,
2019-125,QCST01,SABLEFISH,022,233,114,,,,,,,,,,,,,,,,,
2019-125,QCST01,SABLEFISH,023,237,124,,,,,,,,,,,,,,,,,
2019-125,QCST01,SABLEFISH,024,240,116,,,,,,,,,,,,,,,,,
2019-125,QCST01,SABLEFISH,025,228,109,,,,,,,,,,,,,,,,,
2019-125,QCST01,SABLEFISH,026,236,120,,,,,,,,,,,,,,,,,
2019-125,QCST01,SABLEFISH,027,236,128,,,,,,,,,,,,,,,,,
2019-125,QCST01,CHUM,001,198,82,,,,CM-1-C10,,112335,W,RAB,3,3,OAA,0.7,3,,,,
2019-125,QCST01,CHUM,002,200,97,,,,CM-1-C11,,112336,W,RAB,3.5,3,OAA,3,3,,,,
2019-125,QCST01,CHUM,003,203,105,,,,CM-1-C12,,112337,W,OAA,3,3,RAB,1.5,3,,,,
2019-125,QCST01,CHUM,004,205,98,,,,CM-1-D1,,112338,W,OAA,2,1,RAB,3.4,3,,,,
2019-125,QCST01,CHUM,005,201,93,,,,CM-1-D2,1,112339,W,OAA,4.5,1,RAB,0.01,5,,,,
2019-125,QCST01,CHUM,006,174,51,,,,CM-1-D3,,112340,M,RAB,1.7,5,OAA,0.01,3,,,,
2019-125,QCST01,CHUM,007,207,107,,,,CM-1-D4,,112341,M,RAB,3.1,3,OAA,1,1,,,,
2019-125,QCST01,CHUM,008,193,95,,,,CM-1-D5,,112342,M,RAB,3.5,3,OAA,0.5,3,,,,
2019-125,QCST01,CHUM,009,166,47,,,,CM-1-D6,,112343,M,RAB,0.9,3,,,,,,,
2019-125,QCST01,CHUM,010,204,94,,,,CM-1-D7,,112344,M,RAB,3,3,OAA,0.5,3,,,,
2019-125,QCST01,CHUM,011,198,87,,,,,,,,,,,,,,,,,
2019-125,QCST01,CHUM,012,191,79,,,,,,,,,,,,,,,,,
2019-125,QCST01,CHUM,013,211,105,,,,,,,,,,,,,,,,,
2019-125,QCST01,CHUM,014,194,85,,,,,,,,,,,,,,,,,
2019-125,QCST01,CHUM,015,207,103,,,,,,,,,,,,,,,,,
2019-125,QCST01,CHUM,016,216,124,,,,,,,,,,,,,,,,,
2019-125,QCST01,CHUM,017,207,106,,,,,,,,,,,,,,,,,
2019-125,QCST01,CHUM,018,222,130,,,,,,,,,,,,,,,,,
2019-125,QCST01,CHUM,019,202,91,,,,,,,,,,,,,,,,,
2019-125,QCST01,CHUM,020,192,86,,,,,,,,,,,,,,,,,
2019-125,QCST01,CHUM,021,177,65,,,,,,,,,,,,,,,,,
2019-125,QCST01,CHUM,022,201,95,,,,,,,,,,,,,,,,,
2019-125,QCST01,CHUM,023,207,111,,,,,,,,,,,,,,,,,
2019-125,QCST01,CHUM,024,209,103,,,,,,,,,,,,,,,,,
2019-125,QCST01,CHUM,025,194,89,,,,,,,,,,,,,,,,,
2019-125,QCST01,CHUM,026,213,105,,,,,,,,,,,,,,,,,
2019-125,QCST01,CHUM,027,206,96,,,,,,,,,,,,,,,,,
2019-125,QCST01,CHUM,028,210,104,,,,,,,,,,,,,,,,,
2019-125,QCST01,CHUM,029,214,112,,,,,,,,,,,,,,,,,
2019-125,QCST01,CHUM,030,202,100,,,,,,,,,,,,,,,,,
2019-125,QCST02,CHINOOK,001,195,82,,,,CK-1-B11,,124323,W,M010,2.3,5,RAB,0.2,3,,,,
2019-125,QCST02,CHINOOK,002,213,122,,,,CK-1-B12,,124324,W,M002,,,,,,,,,
2019-125,QCST02,CHINOOK,003,239,168,,,,CK-1-C1,,124325,W,OAA,0.01,3,,,,,,,
2019-125,QCST02,SABLEFISH,001,247,136,,,,,,,M,M002,,,,,,,,,
2019-125,QCST02,SABLEFISH,002,267,163,,,,,,,M,M002,,,,,,,,,
2019-125,QCST02,SABLEFISH,003,247,132,,,,,,,M,M002,,,,,,,,,
2019-125,QCST02,SABLEFISH,004,229,104,,,,,,,M,OAA,0.2,5,,,,,,,
2019-125,QCST02,SABLEFISH,005,252,135,,,,,,,M,M010,0.01,3,,,,,,,
2019-125,QCST02,SABLEFISH,006,232,113,,,,,,,,OAA,0.01,5,,,,,,,
2019-125,QCST02,SABLEFISH,007,242,120,,,,,,,,M011,0.2,5,,,,,,,
2019-125,QCST02,SABLEFISH,008,250,123,,,,,,,,M002,,,,,,,,,
2019-125,QCST02,SABLEFISH,009,232,106,,,,,,,,M002,,,,,,,,,
2019-125,QCST02,SABLEFISH,010,247,132,,,,,,,,M002,,,,,,,,,
2019-125,QCST02,SABLEFISH,011,243,130,,,,,,,,,,,,,,,,,
2019-125,QCST02,SABLEFISH,012,248,128,,,,,,,,,,,,,,,,,
2019-125,QCST02,SABLEFISH,013,246,133,,,,,,,,,,,,,,,,,
2019-125,QCST03,COHO,001,284,316,,AD,,CO-1-A2,,115402,M,OAA,8.4,1,,,,,,,
2019-125,QCST03,COHO,002,262,231,,,,CO-1-A3,,115403,M,OAA,1.5,3,92A,0.5,3,,,,
2019-125,QCST03,COHO,003,242,177,,,,CO-1-A4,,115404,M,OAA,1.5,5,,,,,,,
2019-125,QCST03,COHO,004,320,406,,AD,F,CO-1-A5,,115405,M,OAA,3.5,1,,,,,,,
2019-125,QCST03,SABLEFISH,001,245,123,,,,,,,M,M011,0.3,5,,,,,,,
2019-125,QCST03,SABLEFISH,002,230,106,,,,,,,M,M011,1.1,5,,,,,,,
2019-125,QCST03,SABLEFISH,003,230,115,,,,,,,M,M011,0.7,5,,,,,,,
2019-125,QCST03,SABLEFISH,004,249,125,,,,,,,M,M011,0.2,5,,,,,,,
2019-125,QCST03,SABLEFISH,005,230,105,,,,,,,M,M011,0.1,5,,,,,,,
2019-125,QCST03,SABLEFISH,006,235,114,,,,,,,,M011,1,5,,,,,,,
2019-125,QCST03,SABLEFISH,007,241,126,,,,,,,,M011,1,5,,,,,,,
2019-125,QCST03,SABLEFISH,008,240,113,,,,,,,,M011,0.7,5,,,,,,,
2019-125,QCST03,SABLEFISH,009,237,117,,,,,,,,M011,0.7,5,,,,,,,
2019-125,QCST03,SABLEFISH,010,232,115,,,,,,,,M011,0.5,5,,,,,,,
2019-125,QCST03,PINK,001,189,64,,,,PK-1-E11,,108260,W,M011,0.5,5,,,,,,,
2019-125,QCST03,PINK,002,186,70,,,,PK-1-E12,,108261,W,M011,0.2,5,OAA,0.01,5,,,,
2019-125,QCST03,PINK,003,182,63,,,,PK-1-F1,,108262,W,OAA,0.9,3,M014,0.01,3,,,,
2019-125,QCST03,PINK,004,159,39,,,,PK-1-F2,,108263,W,M011,0.4,5,,,,,,,
2019-125,QCST03,PINK,005,182,62,,,,PK-1-F3,,108264,W,OAA,1.3,3,,,,,,,
2019-125,QCST03,PINK,006,177,58,,,,PK-1-F4,,108265,M,M011,0.5,5,OAA,0.01,5,,,,
2019-125,QCST03,PINK,007,161,41,,,,PK-1-F5,,108266,M,OAA,0.3,3,M011,0.2,5,,,,
2019-125,QCST03,PINK,008,179,58,,,,PK-1-F6,,108267,M,M011,0.4,5,,,,,,,
2019-125,QCST03,PINK,009,204,89,,,,PK-1-F7,,108268,M,OAA,0.5,5,,,,,,,
2019-125,QCST03,PINK,010,186,66,,,,PK-1-F8,,108269,M,OAA,0.4,3,,,,,,,
2019-125,QCST03,PINK,011,198,84,,,,,,,,,,,,,,,,,
2019-125,QCST03,PINK,012,198,87,,,,,,,,,,,,,,,,,
2019-125,QCST03,PINK,013,176,58,,,,,,,,,,,,,,,,,
2019-125,QCST03,PINK,014,200,83,,,,,,,,,,,,,,,,,
2019-125,QCST03,PINK,015,148,31,,,,,,,,,,,,,,,,,
2019-125,QCST03,PINK,016,183,61,,,,,,,,,,,,,,,,,
2019-125,QCST03,PINK,017,200,85,,,,,,,,,,,,,,,,,
2019-125,QCST03,PINK,018,188,70,,,,,,,,,,,,,,,,,
2019-125,QCST03,PINK,019,201,83,,,,,,,,,,,,,,,,,
2019-125,QCST03,PINK,020,186,72,,,,,,,,,,,,,,,,,
2019-125,QCST03,PINK,021,192,74,,,,,,,,,,,,,,,,,
2019-125,QCST03,PINK,022,197,80,,,,,,,,,,,,,,,,,
2019-125,QCST03,PINK,023,176,57,,,,,,,,,,,,,,,,,
2019-125,QCST03,PINK,024,180,65,,,,,,,,,,,,,,,,,
2019-125,QCST03,PINK,025,175,55,,,,,,,,,,,,,,,,,
2019-125,QCST03,PINK,026,181,67,,,,,,,,,,,,,,,,,
2019-125,QCST03,PINK,027,185,70,,,,,,,,,,,,,,,,,
2019-125,QCST03,PINK,028,190,67,,,,,,,,,,,,,,,,,
2019-125,QCST03,PINK,029,166,46,,,,,,,,,,,,,,,,,
2019-125,QCST03,PINK,030,147,32,,,,,,,,,,,,,,,,,
2019-125,QCST03,SOCKEYE,001,134,29,,,,SE-1-C3,,118127,W,M011,0.7,5,,,,,,,NO BLOOD-TOO LONG
2019-125,QCST03,CHUM,001,212,104,,,,CM-1-D8,,112345,W,M011,1.8,5,OAA,0.01,3,,,,
2019-125,QCST03,CHUM,002,197,87,,,,CM-1-D9,,112346,W,M011,0.3,5,,,,,,,
2019-125,QCST03,CHUM,003,204,95,,,,CM-1-D10,,112347,W,M011,0.2,5,,,,,,,
2019-125,QCST03,CHUM,004,206,99,,,,CM-1-D11,,112348,W,M011,0.3,5,,,,,,,
2019-125,QCST03,CHUM,005,200,90,,,,CM-1-D12,,112349,W,M011,0.5,5,OAA,0.01,3,,,,
2019-125,QCST03,CHUM,006,211,109,,,,CM-1-E1,,112350,M,M011,0.4,5,,,,,,,
2019-125,QCST03,CHUM,007,213,118,,,,CM-1-E2,,112351,M,M011,0.1,5,,,,,,,
2019-125,QCST03,CHUM,008,211,114,,,,CM-1-E3,,112352,M,M011,0.1,5,OAA,0.01,5,,,,
2019-125,QCST03,CHUM,009,201,91,,,,CM-1-E4,,112353,M,M011,0.8,5,OAA,0.01,5,,,,
2019-125,QCST03,CHUM,010,215,116,,,,CM-1-E5,,112354,M,M011,0.7,5,,,,,,,
2019-125,QCST03,CHUM,011,221,128,,,,,,,,,,,,,,,,,
2019-125,QCST03,CHUM,012,205,94,,,,,,,,,,,,,,,,,
2019-125,QCST03,CHUM,013,214,120,,,,,,,,,,,,,,,,,
2019-125,QCST03,CHUM,014,218,120,,,,,,,,,,,,,,,,,
2019-125,QCST03,CHUM,015,216,115,,,,,,,,,,,,,,,,,
2019-125,QCST03,CHUM,016,194,85,,,,,,,,,,,,,,,,,
2019-125,QCST03,CHUM,017,221,121,,,,,,,,,,,,,,,,,
2019-125,QCST03,CHUM,018,203,100,,,,,,,,,,,,,,,,,
2019-125,QCST03,CHUM,019,203,99,,,,,,,,,,,,,,,,,
2019-125,QCST03,CHUM,020,201,102,,,,,,,,,,,,,,,,,
2019-125,QCST03,CHUM,021,212,118,,,,,,,,,,,,,,,,,
2019-125,QCST03,CHUM,022,225,133,,,,,,,,,,,,,,,,,
2019-125,QCST03,CHUM,023,214,110,,,,,,,,,,,,,,,,,
2019-125,QCST03,CHUM,024,220,119,,,,,,,,,,,,,,,,,
2019-125,QCST03,CHUM,025,212,104,,,,,,,,,,,,,,,,,
2019-125,QCST03,CHUM,026,192,90,,,,,,,,,,,,,,,,,
2019-125,QCST03,CHUM,027,211,115,,,,,,,,,,,,,,,,,
2019-125,QCST03,CHUM,028,215,119,,,,,,,,,,,,,,,,,
2019-125,QCST03,CHUM,029,200,90,,,,,,,,,,,,,,,,,
2019-125,QCST03,CHUM,030,201,93,,,,,,,,,,,,,,,,,
2019-125,QCST04,CHINOOK,001,203,104,,,,CK-1-C2,,124326,W,RAB,0.1,5,M010,0.1,5,OAB,0.1,5,
2019-125,QCST04,CHINOOK,002,238,161,,,,CK-1-C3,,124327,W,M010,0.2,5,,,,,,,
2019-125,QCST04,CHUM,001,224,117,,,,CM-1-E6,,112355,W,M011,0.01,5,,,,,,,
2019-125,QCST04,CHUM,002,200,84,,,,CM-1-E7,,112356,W,RAB,0.01,5,,,,,,,
2019-125,QCST04,CHUM,003,214,102,,,,CM-1-E8,,112357,W,M002,,,,,,,,,
2019-125,QCST04,SABLEFISH,001,247,131,,,,,,,W,M002,,,,,,,,,
2019-125,QCST04,SABLEFISH,002,254,137,,,,,,,W,WAA,0.1,5,RAB,0.01,5,,,,MEG
2019-125,QCST04,SABLEFISH,003,259,143,,,,,,,W,M002,,,,,,,,,
2019-125,QCST04,SABLEFISH,004,238,116,,,,,,,W,RAB,0.1,5,WAA,0.1,5,M011,0.01,5,MEG
2019-125,QCST04,SABLEFISH,005,240,122,,,,,,,W,M011,0.2,5,,,,,,,
2019-125,QCST04,SABLEFISH,006,233,118,,,,,,,M,3GO,0.2,3,M011,0.01,5,,,,
2019-125,QCST04,SABLEFISH,007,252,155,,,,,,,M,M011,0.7,5,,,,,,,
2019-125,QCST04,SABLEFISH,008,248,132,,,,,,,M,M002,,,,,,,,,
2019-125,QCST04,SABLEFISH,009,250,145,,,,,,,M,M002,,,,,,,,,
2019-125,QCST04,SABLEFISH,010,236,115,,,,,,,M,M002,,,,,,,,,
2019-125,QCST05,MOON JELLY,001,301,,,,,,,,,,,,,,,,,,BELL DIAMETER
2019-125,QCST05,MOON JELLY,002,183,,,,,,,,,,,,,,,,,,BELL DIAMETER
2019-125,QCST05,MOON JELLY,003,191,,,,,,,,,,,,,,,,,,BELL DIAMETER
2019-125,QCST05,MOON JELLY,004,287,,,,,,,,,,,,,,,,,,BELL DIAMETER
2019-125,QCST05,MOON JELLY,005,198,,,,,,,,,,,,,,,,,,BELL DIAMETER
2019-125,QCST05,SABLEFISH,001,250,144,,,,,,,,M002,,,,,,,,,
2019-125,QCST05,SABLEFISH,002,250,134,,,,,,,,M002,,,,,,,,,
2019-125,QCST05,SABLEFISH,003,241,119,,,,,,,,M002,,,,,,,,,
2019-125,QCST05,SABLEFISH,004,231,116,,,,,,,,M002,,,,,,,,,
2019-125,QCST05,SABLEFISH,005,255,149,,,,,,,,M002,,,,,,,,,
2019-125,QCST05,SABLEFISH,006,224,97,,,,,,,,M002,,,,,,,,,
2019-125,QCST05,SABLEFISH,007,240,114,,,,,,,,M002,,,,,,,,,
2019-125,QCST05,SABLEFISH,008,231,111,,,,,,,,M011,0.01,5,RAB,0.01,5,,,,
2019-125,QCST05,SABLEFISH,009,217,92,,,,,,,,M011,0.01,5,,,,,,,
2019-125,QCST05,SABLEFISH,010,237,130,,,,,,,,M011,0.2,5,,,,,,,
2019-125,QCST05,SABLEFISH,011,231,113,,,,,,,,,,,,,,,,,
2019-125,QCST05,SABLEFISH,012,225,107,,,,,,,,,,,,,,,,,
2019-125,QCST05,SABLEFISH,013,253,134,,,,,,,,,,,,,,,,,
2019-125,QCST05,SABLEFISH,014,241,125,,,,,,,,,,,,,,,,,
2019-125,QCST05,SABLEFISH,015,229,109,,,,,,,,,,,,,,,,,
2019-125,QCST05,SABLEFISH,016,242,131,,,,,,,,,,,,,,,,,
2019-125,QCST05,SABLEFISH,017,220,92,,,,,,,,,,,,,,,,,
2019-125,QCST05,SABLEFISH,018,226,94,,,,,,,,,,,,,,,,,
2019-125,QCST05,SABLEFISH,019,226,97,,,,,,,,,,,,,,,,,
2019-125,QCST05,PINK,001,201,81,,,,PK-1-F9,,108270,W,WAA,0.01,3,OAA,0.01,3,,,,MEG
2019-125,QCST05,OPALESCENT SQUID,001,023,,,,,,,,,,,,,,,,,,MANTLE LENGTH
2019-125,QCST05,OPALESCENT SQUID,002,019,,,,,,,,,,,,,,,,,,MANTLE LENGTH
2019-125,QCST05,OPALESCENT SQUID,003,021,,,,,,,,,,,,,,,,,,MANTLE LENGTH
2019-125,QCST05,OPALESCENT SQUID,004,022,,,,,,,,,,,,,,,,,,MANTLE LENGTH
2019-125,QCST05,OPALESCENT SQUID,005,022,,,,,,,,,,,,,,,,,,MANTLE LENGTH
2019-125,QCST05,OPALESCENT SQUID,006,039,,,,,,,,,,,,,,,,,,MANTLE LENGTH
2019-125,QCST05,OPALESCENT SQUID,007,035,,,,,,,,,,,,,,,,,,MANTLE LENGTH
2019-125,QCST05,OPALESCENT SQUID,008,021,,,,,,,,,,,,,,,,,,MANTLE LENGTH
2019-125,QCST05,OPALESCENT SQUID,009,025,,,,,,,,,,,,,,,,,,MANTLE LENGTH
2019-125,QCST05,OPALESCENT SQUID,010,031,,,,,,,,,,,,,,,,,,MANTLE LENGTH
2019-125,QCST05,OPALESCENT SQUID,011,018,,,,,,,,,,,,,,,,,,MANTLE LENGTH
2019-125,QCST05,OPALESCENT SQUID,012,031,,,,,,,,,,,,,,,,,,MANTLE LENGTH
2019-125,QCST05,OPALESCENT SQUID,013,022,,,,,,,,,,,,,,,,,,MANTLE LENGTH
2019-125,QCST05,OPALESCENT SQUID,014,027,,,,,,,,,,,,,,,,,,MANTLE LENGTH
2019-125,QCST05,OPALESCENT SQUID,015,026,,,,,,,,,,,,,,,,,,MANTLE LENGTH
2019-125,QCST05,OPALESCENT SQUID,016,037,,,,,,,,,,,,,,,,,,MANTLE LENGTH
2019-125,QCST05,OPALESCENT SQUID,017,022,,,,,,,,,,,,,,,,,,MANTLE LENGTH
2019-125,QCST05,OPALESCENT SQUID,018,026,,,,,,,,,,,,,,,,,,MANTLE LENGTH
2019-125,QCST05,OPALESCENT SQUID,019,026,,,,,,,,,,,,,,,,,,MANTLE LENGTH
2019-125,QCST05,OPALESCENT SQUID,020,032,,,,,,,,,,,,,,,,,,MANTLE LENGTH
2019-125,QCST05,OPALESCENT SQUID,021,022,,,,,,,,,,,,,,,,,,MANTLE LENGTH
2019-125,QCST05,OPALESCENT SQUID,022,026,,,,,,,,,,,,,,,,,,MANTLE LENGTH
2019-125,QCST05,OPALESCENT SQUID,023,034,,,,,,,,,,,,,,,,,,MANTLE LENGTH
2019-125,QCST05,OPALESCENT SQUID,024,023,,,,,,,,,,,,,,,,,,MANTLE LENGTH
2019-125,QCST05,OPALESCENT SQUID,025,023,,,,,,,,,,,,,,,,,,MANTLE LENGTH
2019-125,QCST05,OPALESCENT SQUID,026,021,,,,,,,,,,,,,,,,,,MANTLE LENGTH
2019-125,QCST05,OPALESCENT SQUID,027,022,,,,,,,,,,,,,,,,,,MANTLE LENGTH
2019-125,QCST05,OPALESCENT SQUID,028,028,,,,,,,,,,,,,,,,,,MANTLE LENGTH
2019-125,QCST05,OPALESCENT SQUID,029,030,,,,,,,,,,,,,,,,,,MANTLE LENGTH
2019-125,QCST05,OPALESCENT SQUID,030,025,,,,,,,,,,,,,,,,,,MANTLE LENGTH
2019-125,QCSD01,SABLEFISH,001,228,104,,,,,,,,RAB,0.01,5,WAA,0.01,5,,,,MEG
2019-125,QCSD01,SABLEFISH,002,227,103,,,,,,,,M010,2.2,3,,,,,,,
2019-125,QCSD01,OPALESCENT SQUID,001,031,,,,,,,,,,,,,,,,,,MANTLE LENGTH
2019-125,QCSD01,OPALESCENT SQUID,002,034,,,,,,,,,,,,,,,,,,MANTLE LENGTH
2019-125,QCSD01,OPALESCENT SQUID,003,026,,,,,,,,,,,,,,,,,,MANTLE LENGTH
2019-125,QCSD01,OPALESCENT SQUID,004,027,,,,,,,,,,,,,,,,,,MANTLE LENGTH
2019-125,QCSD01,OPALESCENT SQUID,005,028,,,,,,,,,,,,,,,,,,MANTLE LENGTH
2019-125,QCSD01,OPALESCENT SQUID,006,032,,,,,,,,,,,,,,,,,,MANTLE LENGTH
2019-125,QCSD01,OPALESCENT SQUID,007,019,,,,,,,,,,,,,,,,,,MANTLE LENGTH
2019-125,QCSD01,OPALESCENT SQUID,008,026,,,,,,,,,,,,,,,,,,MANTLE LENGTH
2019-125,QCSD01,OPALESCENT SQUID,009,024,,,,,,,,,,,,,,,,,,MANTLE LENGTH
2019-125,QCSD01,OPALESCENT SQUID,010,034,,,,,,,,,,,,,,,,,,MANTLE LENGTH
2019-125,QCSD01,OPALESCENT SQUID,011,033,,,,,,,,,,,,,,,,,,MANTLE LENGTH
2019-125,QCSD01,OPALESCENT SQUID,012,025,,,,,,,,,,,,,,,,,,MANTLE LENGTH
2019-125,QCSD01,OPALESCENT SQUID,013,021,,,,,,,,,,,,,,,,,,MANTLE LENGTH
2019-125,QCSD01,OPALESCENT SQUID,014,021,,,,,,,,,,,,,,,,,,MANTLE LENGTH
2019-125,QCSD01,OPALESCENT SQUID,015,026,,,,,,,,,,,,,,,,,,MANTLE LENGTH
2019-125,QCSD01,OPALESCENT SQUID,016,025,,,,,,,,,,,,,,,,,,MANTLE LENGTH
2019-125,QCSD01,OPALESCENT SQUID,017,030,,,,,,,,,,,,,,,,,,MANTLE LENGTH
2019-125,QCSD01,OPALESCENT SQUID,018,031,,,,,,,,,,,,,,,,,,MANTLE LENGTH
2019-125,QCSD01,OPALESCENT SQUID,019,025,,,,,,,,,,,,,,,,,,MANTLE LENGTH
2019-125,QCSD01,OPALESCENT SQUID,020,031,,,,,,,,,,,,,,,,,,MANTLE LENGTH
2019-125,QCSD01,OPALESCENT SQUID,021,022,,,,,,,,,,,,,,,,,,MANTLE LENGTH
2019-125,QCSD01,OPALESCENT SQUID,022,020,,,,,,,,,,,,,,,,,,MANTLE LENGTH
2019-125,QCSD01,OPALESCENT SQUID,023,032,,,,,,,,,,,,,,,,,,MANTLE LENGTH
2019-125,QCSD01,OPALESCENT SQUID,024,032,,,,,,,,,,,,,,,,,,MANTLE LENGTH
2019-125,QCSD01,OPALESCENT SQUID,025,014,,,,,,,,,,,,,,,,,,MANTLE LENGTH
2019-125,QCSD01,OPALESCENT SQUID,026,023,,,,,,,,,,,,,,,,,,MANTLE LENGTH
2019-125,QCSD01,OPALESCENT SQUID,027,031,,,,,,,,,,,,,,,,,,MANTLE LENGTH
2019-125,QCSD01,OPALESCENT SQUID,028,034,,,,,,,,,,,,,,,,,,MANTLE LENGTH
2019-125,QCSD01,OPALESCENT SQUID,029,022,,,,,,,,,,,,,,,,,,MANTLE LENGTH
2019-125,QCSD01,OPALESCENT SQUID,030,019,,,,,,,,,,,,,,,,,,MANTLE LENGTH
2019-125,QCSD02,SABLEFISH,001,214,80,,,,,,,,M011,0.1,5,OAA,0.01,3,,,,
2019-125,QCSD02,SABLEFISH,002,249,135,,,,,,,,M011,0.1,5,,,,,,,
2019-125,QCSD02,PROWFISH,001,181,95,,,,,,,W,M011,3.5,5,,,,,,,
2019-125,QCSD02,PINK,001,221,106,,,,PK-1-F10,,108271,W,M011,0.2,5,RAB,0.01,5,,,,
2019-125,QCSD02,CHINOOK ADULT,001,492,1592,,AD,M,CK-1-C04,,124328,M,M002,,,,,,,,,
2019-125,QCSD02,CHUM,001,218,112,,,,CM-1-E9,,112358,W,M011,0.01,5,,,,,,,
2019-125,QCSD02,CHUM,002,218,110,,,,CM-1-E10,,112359,W,M011,0.8,5,,,,,,,
2019-125,QCSD02,CHUM,003,234,145,,,,CM-1-E11,,112360,W,M002,,,,,,,,,
2019-125,QCSD02,CHUM,004,215,107,,,,CM-1-E12,,112361,W,M011,0.01,5,,,,,,,
2019-125,QCSD02,CHUM,005,231,124,,,,CM-1-F1,,112362,W,M011,0.01,5,,,,,,,
2019-125,QCSD02,CHUM,006,220,115,,,,CM-1-F2,,112363,M,M011,0.01,5,,,,,,,
2019-125,QCSD02,CHUM,007,246,161,,,,CM-1-F3,,112364,M,M011,0.01,5,,,,,,,
2019-125,QCSD02,CHUM,008,231,125,,,,CM-1-F4,,112365,M,M011,0.2,5,,,,,,,
2019-125,QCSD02,CHUM,009,241,164,,,,CM-1-F5,,112366,M,M011,0.5,5,RAB,0.1,5,,,,
2019-125,QCSD02,CHUM,010,239,142,,,,CM-1-F6,,112367,M,RAB,0.01,5,,,,,,,
2019-125,QCSD02,CHUM,011,216,104,,,,,,,,,,,,,,,,,
2019-125,QCSD03,COHO,001,267,226,,,,CO-1-A6,1,115406,W,RAB,0.5,5,M010,0.1,3,,,,LARVAL ROCKFISH
2019-125,QCSD03,COHO,002,281,238,,,,CO-1-A7,,115407,W,92A,2.4,3,,,,,,,
2019-125,QCSD03,COHO,003,269,253,,,,CO-1-A8,,115408,W,RAB,9.8,3,,,,,,,
2019-125,QCSD03,COHO,004,256,223,,,,CO-1-A9,,115409,W,92A,6.6,1,,,,,,,
2019-125,QCSD03,COHO,005,281,250,,,,CO-1-A10,,115410,W,RAB,9.1,3,92A,0.4,3,,,,
2019-125,QCSD03,CHINOOK,001,254,200,,,,CK-1-C5,,124329,W,M010,2.6,5,RAB,1.7,3,,,,
2019-125,QCSD03,CHINOOK,002,241,152,,,,CK-1-C6,,124330,W,92A,1.1,3,M010,0.5,3,WAA,0.01,5,LARVAL FLATFISH
2019-125,QCSD03,OPALESCENT SQUID,001,034,,,,,,,,,,,,,,,,,,
2019-125,QCSD03,OPALESCENT SQUID,002,022,,,,,,,,,,,,,,,,,,
2019-125,QCSD03,OPALESCENT SQUID,003,039,,,,,,,,,,,,,,,,,,
2019-125,QCSD03,OPALESCENT SQUID,004,036,,,,,,,,,,,,,,,,,,
2019-125,QCSD03,OPALESCENT SQUID,005,024,,,,,,,,,,,,,,,,,,
2019-125,QCSD03,OPALESCENT SQUID,006,037,,,,,,,,,,,,,,,,,,
2019-125,QCSD03,OPALESCENT SQUID,007,016,,,,,,,,,,,,,,,,,,
2019-125,QCSD03,OPALESCENT SQUID,008,018,,,,,,,,,,,,,,,,,,
2019-125,QCSD03,OPALESCENT SQUID,009,022,,,,,,,,,,,,,,,,,,
2019-125,QCSD03,OPALESCENT SQUID,010,029,,,,,,,,,,,,,,,,,,
2019-125,QCSD03,OPALESCENT SQUID,011,015,,,,,,,,,,,,,,,,,,
2019-125,QCSD03,OPALESCENT SQUID,012,015,,,,,,,,,,,,,,,,,,
2019-125,QCSD03,OPALESCENT SQUID,013,021,,,,,,,,,,,,,,,,,,
2019-125,QCSD03,OPALESCENT SQUID,014,021,,,,,,,,,,,,,,,,,,
2019-125,QCSD03,OPALESCENT SQUID,015,035,,,,,,,,,,,,,,,,,,
2019-125,QCSD03,OPALESCENT SQUID,016,019,,,,,,,,,,,,,,,,,,
2019-125,QCSD03,OPALESCENT SQUID,017,020,,,,,,,,,,,,,,,,,,
2019-125,QCSD03,OPALESCENT SQUID,018,040,,,,,,,,,,,,,,,,,,
2019-125,QCSD03,OPALESCENT SQUID,019,015,,,,,,,,,,,,,,,,,,
2019-125,QCSD03,OPALESCENT SQUID,020,014,,,,,,,,,,,,,,,,,,
2019-125,QCSD03,OPALESCENT SQUID,021,035,,,,,,,,,,,,,,,,,,
2019-125,QCSD03,OPALESCENT SQUID,022,031,,,,,,,,,,,,,,,,,,
2019-125,QCSD03,OPALESCENT SQUID,023,030,,,,,,,,,,,,,,,,,,
2019-125,QCSD03,OPALESCENT SQUID,024,030,,,,,,,,,,,,,,,,,,
2019-125,QCSD03,OPALESCENT SQUID,025,024,,,,,,,,,,,,,,,,,,
2019-125,QCSD03,OPALESCENT SQUID,026,016,,,,,,,,,,,,,,,,,,
2019-125,QCSD03,OPALESCENT SQUID,027,038,,,,,,,,,,,,,,,,,,
2019-125,QCSD03,OPALESCENT SQUID,028,022,,,,,,,,,,,,,,,,,,
2019-125,QCSD03,OPALESCENT SQUID,029,027,,,,,,,,,,,,,,,,,,
2019-125,QCSD03,OPALESCENT SQUID,030,021,,,,,,,,,,,,,,,,,,
2019-125,QCSD03,CHUM,001,206,101,,,,CM-1-F7,,112368,W,M011,3.4,5,,,,,,,
2019-125,QCSD03,SABLEFISH,001,256,158,,,,,,,,M011,6,5,,,,,,,
2019-125,RI01,CHUM,001,231,135,,,,CM-1-F8,,112369,W,M011,2,5,RAB,0.3,5,OAA,0.01,5,
2019-125,RI01,CHUM,002,216,108,,,,CM-1-F9,,112370,W,M011,0.9,5,,,,,,,
2019-125,RI01,CHUM,003,240,162,,,,CM-1-F10,,112371,W,M011,1.9,5,,,,,,,
2019-125,RI01,CHUM,004,235,149,,,,CM-1-F11,,112372,W,M011,0.3,5,,,,,,,
2019-125,RI01,CHUM,005,247,170,,,,CM-1-F12,,112373,W,M011,0.8,5,,,,,,,
2019-125,RI01,CHUM,006,234,152,,,,CM-1-G1,,112374,W,M011,0.9,5,,,,,,,
2019-125,RI01,CHUM,007,232,147,,,,CM-1-G2,,112375,W,M011,2.1,5,OAA,TR,5,,,,
2019-125,RI01,CHUM,008,246,186,,,,CM-1-G3,,112376,W,M011,2,5,,,,,,,
2019-125,RI01,CHUM,009,226,128,,,,CM-1-G4,,112377,W,M011,2.9,5,,,,,,,
2019-125,RI01,CHUM,010,234,152,,,,CM-1-G5,,112378,W,M011,0.3,5,,,,,,,
2019-125,RI01,CHUM,011,236,152,,,,,,,,,,,,,,,,,
2019-125,RI01,CHUM,012,247,171,,,,,,,,,,,,,,,,,
2019-125,RI01,CHUM,013,229,151,,,,,,,,,,,,,,,,,
2019-125,RI01,CHUM,014,259,202,,,,,,,,,,,,,,,,,
2019-125,RI01,CHUM,015,239,154,,,,,,,,,,,,,,,,,
2019-125,RI01,CHUM,016,250,186,,,,,,,,,,,,,,,,,
2019-125,RI01,CHUM,017,223,145,,,,,,,,,,,,,,,,,
2019-125,RI01,CHUM,018,253,190,,,,,,,,,,,,,,,,,
2019-125,RI01,CHUM,019,230,148,,,,,,,,,,,,,,,,,
2019-125,RI01,CHUM,020,232,143,,,,,,,,,,,,,,,,,
2019-125,RI01,CHUM,021,240,176,,,,,,,,,,,,,,,,,
2019-125,RI01,CHUM,022,241,176,,,,,,,,,,,,,,,,,
2019-125,RI01,CHUM,023,240,167,,,,,,,,,,,,,,,,,
2019-125,RI01,CHUM,024,258,198,,,,,,,,,,,,,,,,,
2019-125,RI01,CHUM,025,215,114,,,,,,,,,,,,,,,,,
2019-125,RI01,CHUM,026,218,109,,,,,,,,,,,,,,,,,
2019-125,RI01,CHUM,027,209,106,,,,,,,,,,,,,,,,,
2019-125,RI01,CHUM,028,234,147,,,,,,,,,,,,,,,,,
2019-125,RI01,CHUM,029,230,145,,,,,,,,,,,,,,,,,
2019-125,RI01,CHUM,030,225,130,,,,,,,,,,,,,,,,,
2019-125,RI01,COHO,001,279,278,,,,CO-1-A11,,115412,M,RAB,1.1,5,92A,0.3,3,OAA,0.01,5,
2019-125,RI01,COHO,002,271,221,,,,CO-1-A12,,115413,M,M011,0.01,5,,,,,,,
2019-125,RI01,COHO,003,271,239,,,,CO-1-B1,,115414,M,M011,0.01,5,,,,,,,
2019-125,RI01,HERRING,001,212,112,,,,,,,W,RAB,0.3,3,92A,0.1,5,,,,
2019-125,RI01,HERRING,002,135,77,,,,,,,W,RAB,0.5,3,,,,,,,
2019-125,RI01,SABLEFISH,001,240,121,,,,,,,W,SCA,2.3,5,,,,,,,
2019-125,RI01,SABLEFISH,002,226,104,,,,,,,W,M002,,,,,,,,,
2019-125,RI01,SABLEFISH,003,223,100,,,,,,,W,MO11,0.4,5,,,,,,,
2019-125,RI01,CHINOOK,001,264,239,,,,CK-1-C7,,124331,M,096,6.8,3,,,,,,,
2019-125,RI01,PINK,001,220,119,,,,PK-1-F11,,108272,W,WAA,3.1,3,KAA,0.01,1,RAB,0.01,5,ZOEA
2019-125,RI01,PINK,002,208,95,,,,PK-1-F12,,108273,W,WAA,1,5,RAB,0.01,5,OAA,0.01,5,ZOEA
2019-125,RI01,PINK,003,213,93,,,,PK-1-G1,,108274,W,WAA,0.7,5,92A,0.3,1,,,,
2019-125,RI01,PINK,004,217,107,,,,PK-1-G2,,108275,W,WAA,0.8,5,M011,0.2,5,M010,0.01,3,ZOEA
2019-125,RI01,PINK,005,222,109,,,,PK-1-G3,,108276,W,WAA,1.2,3,RAB,1.1,5,M010,0.01,3,ZOEA
2019-125,RI01,PINK,006,234,124,,,,PK-1-G4,,108277,M,M011,3.2,5,92A,0.1,1,,,,
2019-125,RI01,PINK,007,222,117,,,,PK-1-G5,,108278,M,M011,1.5,5,WAA,0.3,3,,,,
2019-125,RI01,PINK,008,228,134,,,,PK-1-G6,,108279,M,M011,1.1,5,,,,,,,
2019-125,RI01,PINK,009,219,109,,,,PK-1-G7,,108280,M,M011,0.8,5,WAA,0.2,3,,,,
2019-125,RI01,PINK,010,188,74,,,,PK-1-G8,,108281,M,WAA,0.6,3,M010,0.2,5,RAB,0.2,5,ZOEA
2019-125,RI01,PINK,011,222,109,,,,,,,,,,,,,,,,,
2019-125,RI01,PINK,012,227,122,,,,,,,,,,,,,,,,,
2019-125,RI01,PINK,013,210,96,,,,,,,,,,,,,,,,,
2019-125,RI01,PINK,014,214,110,,,,,,,,,,,,,,,,,
2019-125,RI01,PINK,015,203,96,,,,,,,,,,,,,,,,,
2019-125,RI01,PINK,016,212,105,,,,,,,,,,,,,,,,,
2019-125,RI01,PINK,017,217,103,,,,,,,,,,,,,,,,,
2019-125,RI01,PINK,018,203,92,,,,,,,,,,,,,,,,,
2019-125,RI01,PINK,019,238,151,,,,,,,,,,,,,,,,,
2019-125,RI01,PINK,020,219,115,,,,,,,,,,,,,,,,,
2019-125,RI01,PINK,021,213,99,,,,,,,,,,,,,,,,,
2019-125,T01,CHINOOK,001,243,163,Y,AD,,CK-1-C8,1,124,W,92A,0.7,3,,,,,,,
2019-125,T01,OPALESCENT SQUID,001,061,7,,,,,,,W,,,,,,,,,,
2019-125,T01,OPALESCENT SQUID,002,071,10,,,,,,,W,,,,,,,,,,
2019-125,T01,OPALESCENT SQUID,003,070,9,,,,,,,W,,,,,,,,,,
2019-125,T01,OPALESCENT SQUID,004,074,11,,,,,,,W,,,,,,,,,,
2019-125,T01,OPALESCENT SQUID,005,075,10,,,,,,,W,,,,,,,,,,
2019-125,T01,OPALESCENT SQUID,006,094,17,,,,,,,W,,,,,,,,,,
2019-125,T01,OPALESCENT SQUID,007,071,10,,,,,,,W,,,,,,,,,,
2019-125,T01,OPALESCENT SQUID,008,067,10,,,,,,,W,,,,,,,,,,
2019-125,T01,OPALESCENT SQUID,009,071,11,,,,,,,W,,,,,,,,,,
2019-125,T01,OPALESCENT SQUID,010,067,10,,,,,,,W,,,,,,,,,,
2019-125,T01,OPALESCENT SQUID,011,046,,,,,,,,,,,,,,,,,,
2019-125,T01,OPALESCENT SQUID,012,057,,,,,,,,,,,,,,,,,,
2019-125,T01,OPALESCENT SQUID,013,060,,,,,,,,,,,,,,,,,,
2019-125,T01,OPALESCENT SQUID,014,039,,,,,,,,,,,,,,,,,,
2019-125,T01,OPALESCENT SQUID,015,065,,,,,,,,,,,,,,,,,,
2019-125,T01,OPALESCENT SQUID,016,045,,,,,,,,,,,,,,,,,,
2019-125,T01,OPALESCENT SQUID,017,018,,,,,,,,,,,,,,,,,,
2019-125,T01,OPALESCENT SQUID,018,050,,,,,,,,,,,,,,,,,,
2019-125,T01,OPALESCENT SQUID,019,053,,,,,,,,,,,,,,,,,,
2019-125,T01,OPALESCENT SQUID,020,058,,,,,,,,,,,,,,,,,,
2019-125,T01,OPALESCENT SQUID,021,038,,,,,,,,,,,,,,,,,,
2019-125,T01,OPALESCENT SQUID,022,059,,,,,,,,,,,,,,,,,,
2019-125,T01,OPALESCENT SQUID,023,040,,,,,,,,,,,,,,,,,,
2019-125,T01,OPALESCENT SQUID,024,050,,,,,,,,,,,,,,,,,,
2019-125,T01,OPALESCENT SQUID,025,042,,,,,,,,,,,,,,,,,,
2019-125,T01,OPALESCENT SQUID,026,051,,,,,,,,,,,,,,,,,,
2019-125,T01,OPALESCENT SQUID,027,028,,,,,,,,,,,,,,,,,,
2019-125,T01,OPALESCENT SQUID,028,053,,,,,,,,,,,,,,,,,,
2019-125,T01,OPALESCENT SQUID,029,047,,,,,,,,,,,,,,,,,,
2019-125,T01,OPALESCENT SQUID,030,042,,,,,,,,,,,,,,,,,,
2019-125,T01,CHUM,001,768,5600,,,M,CM-1-G6,,112379,M,92A,4.9,1,92A,2.1,5,,,,
2019-125,T01,LIONS MANE,001,420,,,,,,,,,,,,,,,,,,BELL DIAMETER
2019-125,T02,CHUM,001,257,193,,,,CM-1-G7,,112380,W,M011,0.4,5,,,,,,,
2019-125,T02,CHUM,002,217,115,,,,CM-1-G8,,112381,W,M011,0.1,5,,,,,,,
2019-125,T02,CHUM,003,211,102,,,,CM-1-G9,,112382,W,M011,0.3,5,,,,,,,
2019-125,T02,PINK,001,188,69,,,,PK-1-G9,,108282,W,M011,0.1,5,,,,,,,
2019-125,T02,PINK,002,197,80,,,,PK-1-G10,,108283,W,M011,0.2,5,,,,,,,
2019-125,T02,PINK,003,182,62,,,,PK-1-G11,,108284,W,M011,0.1,5,,,,,,,
2019-125,T02,PINK,004,207,92,,,,PK-1-G12,,108285,W,RAB,0.1,5,,,,,,,
2019-125,T02,PINK,005,167,49,,,,PK-1-H1,,108286,W,M011,0.2,5,,,,,,,
2019-125,T02,PINK,006,225,120,,,,PK-1-H2,,108287,M,92A,1.6,3,RAB,0.4,5,,,,
2019-125,T02,PINK,007,151,37,,,,PK-1-H3,,108288,M,M011,0.1,5,,,,,,,
2019-125,T02,PINK,008,159,39,,,,PK-1-H4,,108289,M,M004,0.2,3,,,,,,,
2019-125,T02,PINK,009,157,38,,,,PK-1-H5,,108290,M,M004,0.1,3,,,,,,,
2019-125,T02,PINK,010,226,116,,,,PK-1-H6,,108291,M,M011,0.3,5,,,,,,,
2019-125,T02,SOCKEYE,001,180,58,,,,SE-1-C4,,118128,W,M011,0.01,5,,,,,,,BLOOD 358
2019-125,T02,SOCKEYE,002,142,28,,,,SE-1-C5,,118129,W,M011,0.01,5,,,,,,,BLOOD 359
2019-125,T02,SOCKEYE,003,166,46,,,,SE-1-C6,,118130,W,RAB,0.01,5,,,,,,,BLOOD 360
2019-125,T02,SOCKEYE,004,159,42,,,,SE-1-C7,,118131,W,M002,,,,,,,,,BLOOD 361
2019-125,T02,SOCKEYE,005,171,54,,,,SE-1-C8,,118132,W,M011,0.5,5,,,,,,,BLOOD 362
2019-125,T02,SOCKEYE,006,157,39,,,,SE-1-C9,,118133,M,M002,,,,,,,,,BLOOD 363
2019-125,T02,SOCKEYE,007,102,42,,,,SE-1-C10,,118134,M,M002,,,,,,,,,BLOOD 364
2019-125,T02,SABLEFISH,001,240,130,,,,,,,W,92A,5.7,1,,,,,,,
2019-125,T02,SABLEFISH,002,237,123,,,,,,,W,M011,0.01,5,,,,,,,
2019-125,T02,SABLEFISH,003,218,110,,,,,,,W,92A,9.4,3,,,,,,,
2019-125,T02,SABLEFISH,004,221,88,,,,,,,W,M011,0.1,5,,,,,,,
2019-125,T02,SABLEFISH,005,240,131,,,,,,,W,92A,2.7,3,,,,,,,
2019-125,T02,SABLEFISH,006,229,107,,,,,,,M,M002,,,,,,,,,
2019-125,T02,SABLEFISH,007,236,121,,,,,,,M,M011,1.4,5,,,,,,,
2019-125,T02,SABLEFISH,008,227,109,,,,,,,M,92A,4.6,1,,,,,,,
2019-125,T02,SABLEFISH,009,214,91,,,,,,,M,92A,5.3,3,,,,,,,
2019-125,T02,SABLEFISH,010,222,97,,,,,,,M,M011,0.2,5,,,,,,,
2019-125,T02,SABLEFISH,011,238,131,,,,,,,,,,,,,,,,,
2019-125,T02,SABLEFISH,012,226,103,,,,,,,,,,,,,,,,,
2019-125,T02,SABLEFISH,013,245,139,,,,,,,,,,,,,,,,,
2019-125,T02,SABLEFISH,014,240,125,,,,,,,,,,,,,,,,,
2019-125,T02,SABLEFISH,015,236,129,,,,,,,,,,,,,,,,,
2019-125,T02,SABLEFISH,016,223,106,,,,,,,,,,,,,,,,,
2019-125,T02,SABLEFISH,017,239,122,,,,,,,,,,,,,,,,,
2019-125,T02,SABLEFISH,018,234,116,,,,,,,,,,,,,,,,,
2019-125,T02,SABLEFISH,019,235,121,,,,,,,,,,,,,,,,,
2019-125,T02,SABLEFISH,020,228,108,,,,,,,,,,,,,,,,,
2019-125,T02,SABLEFISH,021,221,97,,,,,,,,,,,,,,,,,
2019-125,T02,SABLEFISH,022,223,98,,,,,,,,,,,,,,,,,
2019-125,T02,SABLEFISH,023,239,126,,,,,,,,,,,,,,,,,
2019-125,T02,SABLEFISH,024,248,160,,,,,,,,,,,,,,,,,
2019-125,T02,SABLEFISH,025,228,112,,,,,,,,,,,,,,,,,
2019-125,T02,SABLEFISH,026,222,93,,,,,,,,,,,,,,,,,
2019-125,T02,SABLEFISH,027,246,130,,,,,,,,,,,,,,,,,
2019-125,T02,SABLEFISH,028,229,118,,,,,,,,,,,,,,,,,
2019-125,T02,SABLEFISH,029,228,102,,,,,,,,,,,,,,,,,
2019-125,T02,SABLEFISH,030,232,117,,,,,,,,,,,,,,,,,
2019-125,T02,LIONS MANE,001,510,,,,,,,,,,,,,,,,,,BELL DIAMETER
2019-125,T03,SOCKEYE,001,194,77,,,,SE-1-C11,,118135,W,M011,0.2,5,,,,,,,BLOOD 365
2019-125,T03,OPALESCENT SQUID,001,026,,,,,,,,,,,,,,,,,,
2019-125,T03,OPALESCENT SQUID,002,022,,,,,,,,,,,,,,,,,,
2019-125,T03,OPALESCENT SQUID,003,027,,,,,,,,,,,,,,,,,,
2019-125,T03,OPALESCENT SQUID,004,028,,,,,,,,,,,,,,,,,,
2019-125,T03,OPALESCENT SQUID,005,018,,,,,,,,,,,,,,,,,,
2019-125,T03,OPALESCENT SQUID,006,022,,,,,,,,,,,,,,,,,,
2019-125,T03,OPALESCENT SQUID,007,030,,,,,,,,,,,,,,,,,,
2019-125,T03,OPALESCENT SQUID,008,033,,,,,,,,,,,,,,,,,,
2019-125,T03,OPALESCENT SQUID,009,038,,,,,,,,,,,,,,,,,,
2019-125,T03,OPALESCENT SQUID,010,030,,,,,,,,,,,,,,,,,,
2019-125,T03,OPALESCENT SQUID,011,018,,,,,,,,,,,,,,,,,,
2019-125,T03,OPALESCENT SQUID,012,016,,,,,,,,,,,,,,,,,,
2019-125,T03,OPALESCENT SQUID,013,021,,,,,,,,,,,,,,,,,,
2019-125,T03,OPALESCENT SQUID,014,025,,,,,,,,,,,,,,,,,,
2019-125,T03,OPALESCENT SQUID,015,021,,,,,,,,,,,,,,,,,,
2019-125,T03,OPALESCENT SQUID,016,033,,,,,,,,,,,,,,,,,,
2019-125,T03,OPALESCENT SQUID,017,037,,,,,,,,,,,,,,,,,,
2019-125,T03,OPALESCENT SQUID,018,033,,,,,,,,,,,,,,,,,,
2019-125,T03,OPALESCENT SQUID,019,024,,,,,,,,,,,,,,,,,,
2019-125,T03,OPALESCENT SQUID,020,032,,,,,,,,,,,,,,,,,,
2019-125,T03,OPALESCENT SQUID,021,030,,,,,,,,,,,,,,,,,,
2019-125,T03,OPALESCENT SQUID,022,028,,,,,,,,,,,,,,,,,,
2019-125,T03,OPALESCENT SQUID,023,018,,,,,,,,,,,,,,,,,,
2019-125,T03,OPALESCENT SQUID,024,031,,,,,,,,,,,,,,,,,,
2019-125,T03,OPALESCENT SQUID,025,019,,,,,,,,,,,,,,,,,,
2019-125,T03,OPALESCENT SQUID,026,029,,,,,,,,,,,,,,,,,,
2019-125,T03,OPALESCENT SQUID,027,016,,,,,,,,,,,,,,,,,,
2019-125,T03,OPALESCENT SQUID,028,027,,,,,,,,,,,,,,,,,,
2019-125,T03,OPALESCENT SQUID,029,023,,,,,,,,,,,,,,,,,,
2019-125,T03,OPALESCENT SQUID,030,020,,,,,,,,,,,,,,,,,,
2019-125,T03,SABLEFISH,001,221,100,,,,,,,,M011,1.3,5,,,,,,,
2019-125,T03,PINK,001,200,82,,,,PK-1-H7,,108292,,M011,0.01,5,,,,,,,
2019-125,T03,PINK,002,207,97,,,,PK-1-H8,,108293,,M004,0.01,3,OAA,0.01,3,,,,
2019-125,T03,MOON JELLY,001,320,,,,,,,,,,,,,,,,,,BELL DIAMETER
2019-125,T03,MOON JELLY,002,210,,,,,,,,,,,,,,,,,,BELL DIAMETER
2019-125,T04,OPALESCENT SQUID,001,031,,,,,,,,,,,,,,,,,,
2019-125,T04,OPALESCENT SQUID,002,034,,,,,,,,,,,,,,,,,,
2019-125,T04,OPALESCENT SQUID,003,026,,,,,,,,,,,,,,,,,,
2019-125,T04,OPALESCENT SQUID,004,020,,,,,,,,,,,,,,,,,,
2019-125,T04,OPALESCENT SQUID,005,024,,,,,,,,,,,,,,,,,,
2019-125,T04,OPALESCENT SQUID,006,027,,,,,,,,,,,,,,,,,,
2019-125,T04,OPALESCENT SQUID,007,029,,,,,,,,,,,,,,,,,,
2019-125,T04,OPALESCENT SQUID,008,020,,,,,,,,,,,,,,,,,,
2019-125,T04,OPALESCENT SQUID,009,022,,,,,,,,,,,,,,,,,,
2019-125,T04,OPALESCENT SQUID,010,020,,,,,,,,,,,,,,,,,,
2019-125,T04,OPALESCENT SQUID,011,025,,,,,,,,,,,,,,,,,,
2019-125,T04,OPALESCENT SQUID,012,032,,,,,,,,,,,,,,,,,,
2019-125,T04,OPALESCENT SQUID,013,025,,,,,,,,,,,,,,,,,,
2019-125,T04,OPALESCENT SQUID,014,015,,,,,,,,,,,,,,,,,,
2019-125,T04,OPALESCENT SQUID,015,022,,,,,,,,,,,,,,,,,,
2019-125,T04,OPALESCENT SQUID,016,023,,,,,,,,,,,,,,,,,,
2019-125,T04,OPALESCENT SQUID,017,032,,,,,,,,,,,,,,,,,,
2019-125,T04,OPALESCENT SQUID,018,030,,,,,,,,,,,,,,,,,,
2019-125,T04,OPALESCENT SQUID,019,024,,,,,,,,,,,,,,,,,,
2019-125,T04,OPALESCENT SQUID,020,020,,,,,,,,,,,,,,,,,,
2019-125,T04,OPALESCENT SQUID,021,027,,,,,,,,,,,,,,,,,,
2019-125,T05,OPALESCENT SQUID,001,055,,,,,,,,W,,,,,,,,,,
2019-125,T05,OPALESCENT SQUID,002,065,,,,,,,,W,,,,,,,,,,
2019-125,T05,OPALESCENT SQUID,003,062,,,,,,,,W,,,,,,,,,,
2019-125,T05,OPALESCENT SQUID,004,065,,,,,,,,W,,,,,,,,,,
2019-125,T05,OPALESCENT SQUID,005,061,,,,,,,,W,,,,,,,,,,
2019-125,T05,OPALESCENT SQUID,006,062,,,,,,,,W,,,,,,,,,,
2019-125,T05,OPALESCENT SQUID,007,055,,,,,,,,W,,,,,,,,,,
2019-125,T05,OPALESCENT SQUID,008,065,,,,,,,,W,,,,,,,,,,
2019-125,T05,OPALESCENT SQUID,009,067,,,,,,,,W,,,,,,,,,,
2019-125,T05,OPALESCENT SQUID,010,069,,,,,,,,W,,,,,,,,,,
2019-125,T05,OPALESCENT SQUID,011,065,,,,,,,,,,,,,,,,,,
2019-125,T05,OPALESCENT SQUID,012,062,,,,,,,,,,,,,,,,,,
2019-125,T05,OPALESCENT SQUID,013,066,,,,,,,,,,,,,,,,,,
2019-125,T05,OPALESCENT SQUID,014,066,,,,,,,,,,,,,,,,,,
2019-125,T05,OPALESCENT SQUID,015,066,,,,,,,,,,,,,,,,,,
2019-125,T05,OPALESCENT SQUID,016,064,,,,,,,,,,,,,,,,,,
2019-125,T05,OPALESCENT SQUID,017,058,,,,,,,,,,,,,,,,,,
2019-125,T05,OPALESCENT SQUID,018,061,,,,,,,,,,,,,,,,,,
2019-125,T05,OPALESCENT SQUID,019,069,,,,,,,,,,,,,,,,,,
2019-125,T05,OPALESCENT SQUID,020,057,,,,,,,,,,,,,,,,,,
2019-125,T05,OPALESCENT SQUID,021,068,,,,,,,,,,,,,,,,,,
2019-125,T05,OPALESCENT SQUID,022,061,,,,,,,,,,,,,,,,,,
2019-125,T05,OPALESCENT SQUID,023,063,,,,,,,,,,,,,,,,,,
2019-125,T05,OPALESCENT SQUID,024,066,,,,,,,,,,,,,,,,,,
2019-125,T05,OPALESCENT SQUID,025,066,,,,,,,,,,,,,,,,,,
2019-125,T05,OPALESCENT SQUID,026,057,,,,,,,,,,,,,,,,,,
2019-125,T05,OPALESCENT SQUID,027,067,,,,,,,,,,,,,,,,,,
2019-125,T05,OPALESCENT SQUID,028,065,,,,,,,,,,,,,,,,,,
2019-125,T05,OPALESCENT SQUID,029,066,,,,,,,,,,,,,,,,,,
2019-125,T05,OPALESCENT SQUID,030,061,,,,,,,,,,,,,,,,,,
2019-125,T05,MOON JELLY,001,230,,,,,,,,,,,,,,,,,,BELL DIAMETER
2019-125,T06,OPALESCENT SQUID,001,051,4,,,,,,,W,,,,,,,,,,
2019-125,T06,OPALESCENT SQUID,002,062,7,,,,,,,W,,,,,,,,,,
2019-125,T06,OPALESCENT SQUID,003,057,8,,,,,,,W,,,,,,,,,,
2019-125,T06,OPALESCENT SQUID,004,058,6,,,,,,,W,,,,,,,,,,
2019-125,T06,OPALESCENT SQUID,005,055,6,,,,,,,W,,,,,,,,,,
2019-125,T06,OPALESCENT SQUID,006,055,7,,,,,,,W,,,,,,,,,,
2019-125,T06,OPALESCENT SQUID,007,054,7,,,,,,,W,,,,,,,,,,
2019-125,T06,OPALESCENT SQUID,008,061,6,,,,,,,W,,,,,,,,,,
2019-125,T06,OPALESCENT SQUID,009,064,9,,,,,,,W,,,,,,,,,,
2019-125,T06,OPALESCENT SQUID,010,048,3,,,,,,,W,,,,,,,,,,
2019-125,T06,OPALESCENT SQUID,011,050,,,,,,,,,,,,,,,,,,
2019-125,T06,OPALESCENT SQUID,012,056,,,,,,,,,,,,,,,,,,
2019-125,T06,OPALESCENT SQUID,013,052,,,,,,,,,,,,,,,,,,
2019-125,T06,OPALESCENT SQUID,014,047,,,,,,,,,,,,,,,,,,
2019-125,T06,OPALESCENT SQUID,015,055,,,,,,,,,,,,,,,,,,
2019-125,T06,OPALESCENT SQUID,016,068,,,,,,,,,,,,,,,,,,
2019-125,T06,OPALESCENT SQUID,017,052,,,,,,,,,,,,,,,,,,
2019-125,T06,OPALESCENT SQUID,018,056,,,,,,,,,,,,,,,,,,
2019-125,T06,OPALESCENT SQUID,019,063,,,,,,,,,,,,,,,,,,
2019-125,T06,OPALESCENT SQUID,020,062,,,,,,,,,,,,,,,,,,
2019-125,T06,OPALESCENT SQUID,021,060,,,,,,,,,,,,,,,,,,
2019-125,T06,OPALESCENT SQUID,022,061,,,,,,,,,,,,,,,,,,
2019-125,T06,OPALESCENT SQUID,023,063,,,,,,,,,,,,,,,,,,
2019-125,T06,OPALESCENT SQUID,024,051,,,,,,,,,,,,,,,,,,
2019-125,T06,OPALESCENT SQUID,025,053,,,,,,,,,,,,,,,,,,
2019-125,T06,OPALESCENT SQUID,026,061,,,,,,,,,,,,,,,,,,
2019-125,T06,OPALESCENT SQUID,027,059,,,,,,,,,,,,,,,,,,
2019-125,T06,OPALESCENT SQUID,028,024,,,,,,,,,,,,,,,,,,
2019-125,T06,OPALESCENT SQUID,029,064,,,,,,,,,,,,,,,,,,
2019-125,T06,OPALESCENT SQUID,030,051,,,,,,,,,,,,,,,,,,
2019-125,T06,SABLEFISH,001,245,132,,,,,,,,92A,2.5,3,M011,1.1,5,,,,
2019-125,T06,SABLEFISH,002,213,85,,,,,,,,M011,2.4,5,,,,,,,
2019-125,T06,MOON JELLY,001,235,,,,,,,,,,,,,,,,,,BELL DIAMETER
2019-125,T06,MOON JELLY,002,114,,,,,,,,,,,,,,,,,,BELL DIAMETER
2019-125,T06,MOON JELLY,003,131,,,,,,,,,,,,,,,,,,BELL DIAMETER
2019-125,QCSD04,MOON JELLY,001,180,,,,,,,,,,,,,,,,,,BELL DIAMETER
2019-125,QCSD04,CHINOOK,001,232,156,,,,CK-1-C9,,124333,W,92A,0.2,5,,,,,,,
2019-125,QCSD04,SABLEFISH,001,224,94,,,,,,,,M002,,,,,,,,,
2019-125,QCSD04,SABLEFISH,002,236,113,,,,,,,,M011,0.3,5,,,,,,,
2019-125,QCSD04,SABLEFISH,003,236,110,,,,,,,,M002,,,,,,,,,
2019-125,QCSD04,SABLEFISH,004,231,118,,,,,,,,M011,0.2,5,,,,,,,
2019-125,QCSD04,SABLEFISH,005,248,130,,,,,,,,M002,,,,,,,,,
2019-125,QCSD04,SABLEFISH,006,220,96,,,,,,,,M011,0.01,5,,,,,,,
2019-125,QCSD04,SABLEFISH,007,242,130,,,,,,,,M002,,,,,,,,,
2019-125,QCSD04,SABLEFISH,008,226,99,,,,,,,,M011,0.01,5,,,,,,,
2019-125,QCSD04,SABLEFISH,009,239,118,,,,,,,,M002,,,,,,,,,
2019-125,QCSD04,SABLEFISH,010,245,125,,,,,,,,M002,,,,,,,,,
2019-125,QCSD04,SABLEFISH,011,233,112,,,,,,,,,,,,,,,,,
2019-125,QCSD04,SABLEFISH,012,236,119,,,,,,,,,,,,,,,,,
2019-125,QCSD04,SABLEFISH,013,232,112,,,,,,,,,,,,,,,,,
2019-125,QCSD04,SABLEFISH,014,232,105,,,,,,,,,,,,,,,,,
2019-125,QCSD04,OPALESCENT SQUID,001,051,4,,,,,,,,,,,,,,,,,
2019-125,QCSD04,OPALESCENT SQUID,002,052,4,,,,,,,,,,,,,,,,,
2019-125,QCSD04,OPALESCENT SQUID,003,054,6,,,,,,,,,,,,,,,,,
2019-125,QCSD04,OPALESCENT SQUID,004,055,5,,,,,,,,,,,,,,,,,
2019-125,QCSD04,OPALESCENT SQUID,005,054,4,,,,,,,,,,,,,,,,,
2019-125,QCSD04,OPALESCENT SQUID,006,056,5,,,,,,,,,,,,,,,,,
2019-125,QCSD04,OPALESCENT SQUID,007,053,6,,,,,,,,,,,,,,,,,
2019-125,QCSD04,OPALESCENT SQUID,008,049,3,,,,,,,,,,,,,,,,,
2019-125,QCSD04,OPALESCENT SQUID,009,046,3,,,,,,,,,,,,,,,,,
2019-125,QCSD04,OPALESCENT SQUID,010,051,5,,,,,,,,,,,,,,,,,
2019-125,QCSD04,OPALESCENT SQUID,011,050,,,,,,,,,,,,,,,,,,
2019-125,QCSD04,OPALESCENT SQUID,012,035,,,,,,,,,,,,,,,,,,
2019-125,QCSD04,OPALESCENT SQUID,013,046,,,,,,,,,,,,,,,,,,
2019-125,QCSD04,OPALESCENT SQUID,014,037,,,,,,,,,,,,,,,,,,
2019-125,QCSD04,OPALESCENT SQUID,015,024,,,,,,,,,,,,,,,,,,
2019-125,QCSD04,OPALESCENT SQUID,016,032,,,,,,,,,,,,,,,,,,
2019-125,QCSD04,OPALESCENT SQUID,017,032,,,,,,,,,,,,,,,,,,
2019-125,QCSD04,OPALESCENT SQUID,018,037,,,,,,,,,,,,,,,,,,
2019-125,QCSD04,OPALESCENT SQUID,019,040,,,,,,,,,,,,,,,,,,
2019-125,QCSD04,OPALESCENT SQUID,020,032,,,,,,,,,,,,,,,,,,
2019-125,QCSD04,OPALESCENT SQUID,021,031,,,,,,,,,,,,,,,,,,
2019-125,QCSD04,OPALESCENT SQUID,022,057,,,,,,,,,,,,,,,,,,
2019-125,QCSD04,OPALESCENT SQUID,023,055,,,,,,,,,,,,,,,,,,
2019-125,QCSD04,OPALESCENT SQUID,024,036,,,,,,,,,,,,,,,,,,
2019-125,QCSD04,OPALESCENT SQUID,025,046,,,,,,,,,,,,,,,,,,
2019-125,QCSD04,OPALESCENT SQUID,026,037,,,,,,,,,,,,,,,,,,
2019-125,QCSD04,OPALESCENT SQUID,027,033,,,,,,,,,,,,,,,,,,
2019-125,QCSD04,OPALESCENT SQUID,028,036,,,,,,,,,,,,,,,,,,
2019-125,QCSD04,OPALESCENT SQUID,029,037,,,,,,,,,,,,,,,,,,
2019-125,QCSD04,OPALESCENT SQUID,030,041,,,,,,,,,,,,,,,,,,
2019-125,QCSD04,HERRING,001,113,18,,,,,,,,,,,,,,,,,
2019-125,QCSD05,OPALESCENT SQUID,001,050,3,,,,,,,W,,,,,,,,,,
2019-125,QCSD05,OPALESCENT SQUID,002,058,6,,,,,,,W,,,,,,,,,,
2019-125,QCSD05,OPALESCENT SQUID,003,050,4,,,,,,,W,,,,,,,,,,
2019-125,QCSD05,OPALESCENT SQUID,004,042,3,,,,,,,W,,,,,,,,,,
2019-125,QCSD05,OPALESCENT SQUID,005,052,4,,,,,,,W,,,,,,,,,,
2019-125,QCSD05,OPALESCENT SQUID,006,052,3,,,,,,,W,,,,,,,,,,
2019-125,QCSD05,OPALESCENT SQUID,007,051,5,,,,,,,W,,,,,,,,,,
2019-125,QCSD05,OPALESCENT SQUID,008,051,4,,,,,,,W,,,,,,,,,,
2019-125,QCSD05,OPALESCENT SQUID,009,045,3,,,,,,,W,,,,,,,,,,
2019-125,QCSD05,OPALESCENT SQUID,010,048,3,,,,,,,W,,,,,,,,,,
2019-125,QCSD05,OPALESCENT SQUID,011,045,,,,,,,,,,,,,,,,,,
2019-125,QCSD05,OPALESCENT SQUID,012,044,,,,,,,,,,,,,,,,,,
2019-125,QCSD05,OPALESCENT SQUID,013,042,,,,,,,,,,,,,,,,,,
2019-125,QCSD05,OPALESCENT SQUID,014,046,,,,,,,,,,,,,,,,,,
2019-125,QCSD05,OPALESCENT SQUID,015,060,,,,,,,,,,,,,,,,,,
2019-125,QCSD05,OPALESCENT SQUID,016,035,,,,,,,,,,,,,,,,,,
2019-125,QCSD05,OPALESCENT SQUID,017,040,,,,,,,,,,,,,,,,,,
2019-125,QCSD05,OPALESCENT SQUID,018,046,,,,,,,,,,,,,,,,,,
2019-125,QCSD05,OPALESCENT SQUID,019,047,,,,,,,,,,,,,,,,,,
2019-125,QCSD05,OPALESCENT SQUID,020,053,,,,,,,,,,,,,,,,,,
2019-125,QCSD05,OPALESCENT SQUID,021,049,,,,,,,,,,,,,,,,,,
2019-125,QCSD05,OPALESCENT SQUID,022,050,,,,,,,,,,,,,,,,,,
2019-125,QCSD05,OPALESCENT SQUID,023,048,,,,,,,,,,,,,,,,,,
2019-125,QCSD05,OPALESCENT SQUID,024,044,,,,,,,,,,,,,,,,,,
2019-125,QCSD05,OPALESCENT SQUID,025,052,,,,,,,,,,,,,,,,,,
2019-125,QCSD05,OPALESCENT SQUID,026,026,,,,,,,,,,,,,,,,,,
2019-125,QCSD05,OPALESCENT SQUID,027,013,,,,,,,,,,,,,,,,,,
2019-125,QCSD05,OPALESCENT SQUID,028,048,,,,,,,,,,,,,,,,,,
2019-125,QCSD05,OPALESCENT SQUID,029,049,,,,,,,,,,,,,,,,,,
2019-125,QCSD05,OPALESCENT SQUID,030,039,,,,,,,,,,,,,,,,,,
2019-125,QCSD05,SABLEFISH,001,247,152,,,,,,,W,92A,1.4,5,,,,,,,
2019-125,QCSD05,SABLEFISH,002,238,130,,,,,,,W,M011,1.6,5,,,,,,,
2019-125,QCSD05,SABLEFISH,003,214,85,,,,,,,W,M011,0.3,5,,,,,,,
2019-125,QCSD05,SABLEFISH,004,225,111,,,,,,,W,92A,9.4,1,,,,,,,
2019-125,QCSD05,SABLEFISH,005,228,119,,,,,,,W,92A,11.5,1,,,,,,,
2019-125,QCSD05,SABLEFISH,006,235,116,,,,,,,,M011,0.2,5,,,,,,,
2019-125,QCSD05,SABLEFISH,007,263,164,,,,,,,,M010,0.1,1,M011,0.1,5,,,,
2019-125,QCSD05,SABLEFISH,008,236,137,,,,,,,,92A,13,1,,,,,,,
2019-125,QCSD05,SABLEFISH,009,218,108,,,,,,,,92A,10,3,,,,,,,
2019-125,QCSD05,SABLEFISH,010,230,106,,,,,,,,92A,1.3,5,M011,1.2,5,,,,
2019-125,QCSD05,MOON JELLY,001,185,,,,,,,,,,,,,,,,,,BELL DIAMETER
2019-125,QCSD05,MOON JELLY,002,269,,,,,,,,,,,,,,,,,,BELL DIAMETER
2019-125,QCSD05,MOON JELLY,003,213,,,,,,,,,,,,,,,,,,BELL DIAMETER
2019-125,QCSD05,MOON JELLY,004,245,,,,,,,,,,,,,,,,,,BELL DIAMETER
2019-125,QCSD05,MOON JELLY,005,190,,,,,,,,,,,,,,,,,,BELL DIAMETER
2019-125,QCSD05,MOON JELLY,006,206,,,,,,,,,,,,,,,,,,BELL DIAMETER
2019-125,QCSD05,MOON JELLY,007,215,,,,,,,,,,,,,,,,,,BELL DIAMETER
2019-125,QCSD05,MOON JELLY,008,175,,,,,,,,,,,,,,,,,,BELL DIAMETER
2019-125,QCSD05,MOON JELLY,009,212,,,,,,,,,,,,,,,,,,BELL DIAMETER
2019-125,QCSD05,MOON JELLY,010,290,,,,,,,,,,,,,,,,,,BELL DIAMETER
2019-125,QCSD05,MOON JELLY,011,141,,,,,,,,,,,,,,,,,,BELL DIAMETER
2019-125,QCSD05,MOON JELLY,012,182,,,,,,,,,,,,,,,,,,BELL DIAMETER
2019-125,QCSD05,MOON JELLY,013,295,,,,,,,,,,,,,,,,,,BELL DIAMETER
2019-125,QCSD05,CHUM,001,225,128,,,,CM-1-G10,,112382,W,M011,0.6,5,3G0,0.1,3,,,,
2019-125,QCSD05,CHUM,002,229,119,,,,CM-1-G11,,112383,W,M011,0.4,5,,,,,,,
2019-125,QCSD05,CHUM,003,213,93,,,,CM-1-G12,,112384,W,M011,0.01,5,3G0,0.01,5,,,,
2019-125,QCSD06,CHINOOK ADULT,001,311,422,Y,AD,F,CK-1-C10,,124334,M,92A,19.4,3,,,,,,,
2019-125,QCSD06,CHINOOK ADULT,002,358,585,,,F,CK-1-C11,,124335,M,92A,17.2,3,96,4.4,3,,,,
2019-125,QCSD06,CHINOOK ADULT,003,539,1919,,,M,CK-1-C12,,124336,M,M002,,,,,,,,,
2019-125,QCSD06,COHO,001,268,230,,,,CO-1-B2,,115415,W,M010,0.3,3,,,,,,,LARVAL FISH
2019-125,QCSD06,COHO,002,258,203,,,,CO-1-B3,,115416,W,97A,1.2,3,WAA,0.2,3,,,,MEG
2019-125,QCSD06,OPALESCENT SQUID,001,048,,,,,,,,,,,,,,,,,,
2019-125,QCSD06,OPALESCENT SQUID,002,037,,,,,,,,,,,,,,,,,,
2019-125,QCSD06,OPALESCENT SQUID,003,014,,,,,,,,,,,,,,,,,,
2019-125,QCSD06,OPALESCENT SQUID,004,023,,,,,,,,,,,,,,,,,,
2019-125,QCSD06,OPALESCENT SQUID,005,015,,,,,,,,,,,,,,,,,,
2019-125,QCSD06,OPALESCENT SQUID,006,049,,,,,,,,,,,,,,,,,,
2019-125,QCSD06,OPALESCENT SQUID,007,026,,,,,,,,,,,,,,,,,,
2019-125,QCSD06,OPALESCENT SQUID,008,031,,,,,,,,,,,,,,,,,,
2019-125,QCSD06,OPALESCENT SQUID,009,048,,,,,,,,,,,,,,,,,,
2019-125,QCSD06,OPALESCENT SQUID,010,025,,,,,,,,,,,,,,,,,,
2019-125,QCSD06,OPALESCENT SQUID,011,019,,,,,,,,,,,,,,,,,,
2019-125,QCSD06,OPALESCENT SQUID,012,030,,,,,,,,,,,,,,,,,,
2019-125,QCSD06,OPALESCENT SQUID,013,032,,,,,,,,,,,,,,,,,,
2019-125,QCSD06,OPALESCENT SQUID,014,026,,,,,,,,,,,,,,,,,,
2019-125,QCSD06,OPALESCENT SQUID,015,031,,,,,,,,,,,,,,,,,,
2019-125,QCSD06,OPALESCENT SQUID,016,026,,,,,,,,,,,,,,,,,,
2019-125,QCSD06,OPALESCENT SQUID,017,047,,,,,,,,,,,,,,,,,,
2019-125,QCSD06,OPALESCENT SQUID,018,039,,,,,,,,,,,,,,,,,,
2019-125,QCSD06,OPALESCENT SQUID,019,037,,,,,,,,,,,,,,,,,,
2019-125,QCSD06,OPALESCENT SQUID,020,025,,,,,,,,,,,,,,,,,,
2019-125,QCSD06,OPALESCENT SQUID,021,019,,,,,,,,,,,,,,,,,,
2019-125,QCSD06,OPALESCENT SQUID,022,028,,,,,,,,,,,,,,,,,,
2019-125,QCSD06,OPALESCENT SQUID,023,023,,,,,,,,,,,,,,,,,,
2019-125,QCSD06,OPALESCENT SQUID,024,028,,,,,,,,,,,,,,,,,,
2019-125,QCSD06,OPALESCENT SQUID,025,033,,,,,,,,,,,,,,,,,,
2019-125,QCSD06,OPALESCENT SQUID,026,030,,,,,,,,,,,,,,,,,,
2019-125,QCSD06,OPALESCENT SQUID,027,031,,,,,,,,,,,,,,,,,,
2019-125,QCSD06,OPALESCENT SQUID,028,038,,,,,,,,,,,,,,,,,,
2019-125,QCSD06,OPALESCENT SQUID,029,020,,,,,,,,,,,,,,,,,,
2019-125,QCSD06,OPALESCENT SQUID,030,033,,,,,,,,,,,,,,,,,,
2019-125,QCSD06,MOON JELLY,001,290,,,,,,,,,,,,,,,,,,BELL DIAMETER
2019-125,QCSD06,MOON JELLY,002,289,,,,,,,,,,,,,,,,,,BELL DIAMETER
2019-125,QCST06,HERRING,001,205,91,,,,,,,,RAB,6.2,3,,,,,,,
2019-125,QCST06,CHUM,001,232,130,,,,CM-1-H1,,112385,W,M011,0.6,5,,,,,,,
2019-125,QCST06,CHUM,002,209,94,,,,CM-1-H2,,112386,W,RAB,1.4,3,,,,,,,
2019-125,QCST06,CHUM,003,210,101,,,,CM-1-H3,,112387,W,M011,1.2,5,,,,,,,
2019-125,QCST06,CHUM,004,216,113,,,,CM-1-H4,,112388,W,RAB,2.6,5,RAB,2.5,3,,,,
2019-125,QCST06,CHUM,005,213,109,,,,CM-1-H5,,112389,W,RAB,7.4,3,,,,,,,
2019-125,QCST06,CHUM,006,220,116,,,,CM-1-H6,,112390,M,RAB,7,3,,,,,,,
2019-125,QCST06,CHUM,007,212,108,,,,CM-1-H7,,112391,M,RAB,8.1,3,,,,,,,
2019-125,QCST06,CHUM,008,219,105,,,,CM-1-H8,,112392,M,RAB,3.5,3,,,,,,,
2019-125,QCST06,CHUM,009,204,92,,,,CM-1-H9,,112393,M,RAB,2.6,3,RAB,2,5,,,,
2019-125,QCST06,CHUM,010,226,127,,,,CM-1-H10,,112394,M,RAB,6.3,3,,,,,,,
2019-125,QCST06,CHUM,011,220,112,,,,,,,,,,,,,,,,,
2019-125,QCST06,CHUM,012,231,126,,,,,,,,,,,,,,,,,
2019-125,QCST06,CHUM,013,202,82,,,,,,,,,,,,,,,,,
2019-125,QCST06,CHUM,014,209,111,,,,,,,,,,,,,,,,,
2019-125,QCST06,CHUM,015,212,103,,,,,,,,,,,,,,,,,
2019-125,QCST06,CHUM,016,238,157,,,,,,,,,,,,,,,,,
2019-125,QCST06,CHUM,017,220,121,,,,,,,,,,,,,,,,,
2019-125,QCST06,CHUM,018,211,100,,,,,,,,,,,,,,,,,
2019-125,QCST06,CHUM,019,207,93,,,,,,,,,,,,,,,,,
2019-125,QCST06,CHUM,020,207,94,,,,,,,,,,,,,,,,,
2019-125,QCST06,CHUM,021,225,125,,,,,,,,,,,,,,,,,
2019-125,QCST06,CHUM,022,227,132,,,,,,,,,,,,,,,,,
2019-125,QCST06,CHUM,023,208,112,,,,,,,,,,,,,,,,,
2019-125,QCST06,CHUM,024,213,106,,,,,,,,,,,,,,,,,
2019-125,QCST06,CHUM,025,208,97,,,,,,,,,,,,,,,,,
2019-125,QCST06,CHUM,026,209,100,,,,,,,,,,,,,,,,,
2019-125,QCST06,CHUM,027,205,101,,,,,,,,,,,,,,,,,
2019-125,QCST06,CHUM,028,219,117,,,,,,,,,,,,,,,,,
2019-125,QCST06,CHUM,029,217,110,,,,,,,,,,,,,,,,,
2019-125,QCST06,CHUM,030,202,99,,,,,,,,,,,,,,,,,
2019-125,QCST06,SOCKEYE,001,202,89,,,,SE-1-C12,,118136,W,RAB,4.5,3,,,,,,,BLOOD 366
2019-125,QCST06,PINK,001,187,67,,,,PK-1-H9,,108294,W,RAB,3.3,3,,,,,,,
2019-125,QCST06,PINK,002,190,69,,,,PK-1-H10,,108295,W,RAB,4,3,,,,,,,
2019-125,QCST06,PINK,003,187,66,,,,PK-1-H11,,108296,W,RAB,0.2,5,,,,,,,
2019-125,QCST06,PINK,004,184,59,,,,PK-1-H12,,108297,W,RAB,0.7,3,,,,,,,
2019-125,QCST06,PINK,005,195,76,,,,PK-2-A1,,108298,W,RAB,2.9,3,,,,,,,
2019-125,QCST06,PINK,006,220,108,,,,PK-2-A2,,108299,M,RAB,3.1,3,,,,,,,
2019-125,QCST06,PINK,007,205,88,,,,PK-2-A3,,108300,M,RAB,1.9,3,M011,0.6,3,,,,
2019-125,QCST06,PINK,008,192,78,,,,PK-2-A4,,,M,RAB,2,3,,,,,,,
2019-125,QCST06,PINK,009,212,114,,,,PK-2-A5,,,M,RAB,6.4,3,,,,,,,
2019-125,QCST06,PINK,010,208,92,,,,PK-2-A6,,,M,RAB,4.3,3,,,,,,,
2019-125,QCST06,PINK,011,205,92,,,,,,,,,,,,,,,,,
2019-125,QCST06,PINK,012,194,78,,,,,,,,,,,,,,,,,
2019-125,QCST06,PINK,013,187,68,,,,,,,,,,,,,,,,,
2019-125,QCST06,PINK,014,188,65,,,,,,,,,,,,,,,,,
2019-125,QCST06,PINK,015,192,71,,,,,,,,,,,,,,,,,
2019-125,QCST06,PINK,016,200,81,,,,,,,,,,,,,,,,,
2019-125,QCST06,PINK,017,194,74,,,,,,,,,,,,,,,,,
2019-125,QCST06,PINK,018,190,74,,,,,,,,,,,,,,,,,
2019-125,QCST06,PINK,019,173,52,,,,,,,,,,,,,,,,,
2019-125,QCST06,PINK,020,205,92,,,,,,,,,,,,,,,,,
2019-125,QCST06,PINK,021,174,56,,,,,,,,,,,,,,,,,
2019-125,QCST06,PINK,022,189,75,,,,,,,,,,,,,,,,,
2019-125,QCST06,PINK,023,152,44,,,,,,,,,,,,,,,,,
2019-125,QCST06,PINK,024,204,89,,,,,,,,,,,,,,,,,
2019-125,QCST06,PINK,025,176,56,,,,,,,,,,,,,,,,,
2019-125,QCST06,PINK,026,185,73,,,,,,,,,,,,,,,,,
2019-125,QCST06,PINK,027,184,67,,,,,,,,,,,,,,,,,
2019-125,QCST06,PINK,028,198,83,,,,,,,,,,,,,,,,,
2019-125,QCST06,PINK,029,178,59,,,,,,,,,,,,,,,,,
2019-125,QCST06,PINK,030,185,69,,,,,,,,,,,,,,,,,
2019-125,QCST06,SABLEFISH,001,240,116,,,,,,,,OAA,1.2,5,,,,,,,
2019-125,QCST06,SABLEFISH,002,246,137,,,,,,,,M011,1.9,5,,,,,,,
2019-125,QCST06,SABLEFISH,003,228,98,,,,,,,,M011,1.3,5,RAB,0.01,5,,,,
2019-125,QCST06,SABLEFISH,004,254,148,,,,,,,,M011,1.4,5,92A,0.7,3,,,,
2019-125,QCST06,SABLEFISH,005,258,153,,,,,,,,M011,0.9,5,,,,,,,
2019-125,QCST06,SABLEFISH,006,255,143,,,,,,,,M011,0.8,5,,,,,,,
2019-125,QCST06,SABLEFISH,007,246,138,,,,,,,,M011,1.3,5,,,,,,,
2019-125,QCST06,SABLEFISH,008,281,203,,,,,,,,96,15.5,5,,,,,,,
2019-125,QCST06,SABLEFISH,009,240,113,,,,,,,,M011,1.4,5,,,,,,,
2019-125,QCST06,SABLEFISH,010,230,109,,,,,,,,M011,1.6,5,,,,,,,
2019-125,QCST06,SABLEFISH,011,238,127,,,,,,,,,,,,,,,,,
2019-125,QCST06,SABLEFISH,012,246,133,,,,,,,,,,,,,,,,,
2019-125,QCST06,SABLEFISH,013,267,192,,,,,,,,,,,,,,,,,
2019-125,QCST06,SABLEFISH,014,247,140,,,,,,,,,,,,,,,,,
2019-125,QCST06,SABLEFISH,015,218,94,,,,,,,,,,,,,,,,,
2019-125,QCST06,SABLEFISH,016,236,119,,,,,,,,,,,,,,,,,
2019-125,QCST06,SABLEFISH,017,235,110,,,,,,,,,,,,,,,,,
2019-125,QCST06,SABLEFISH,018,245,128,,,,,,,,,,,,,,,,,
2019-125,QCST06,SABLEFISH,019,248,149,,,,,,,,,,,,,,,,,
2019-125,QCST06,SABLEFISH,020,251,143,,,,,,,,,,,,,,,,,
2019-125,QCST06,SABLEFISH,021,250,140,,,,,,,,,,,,,,,,,
2019-125,QCST07,PINK,001,195,73,,,,PK-2-A7,,108301,W,RAB,0.7,5,OAA,0.01,3,10A,0.01,3,
2019-125,QCST07,PINK,002,187,67,,,,PK-2-A8,,108302,W,10A,1.5,5,,,,,,,
2019-125,QCST07,PINK,003,197,79,,,,PK-2-A9,,108303,W,10A,0.9,5,OAB,0.6,3,OAA,0.1,5,
2019-125,QCST07,PINK,004,206,85,,,,PK-2-A10,,108304,W,10A,0.6,3,RAB,0.1,5,,,,
2019-125,QCST07,PINK,005,199,85,,,,PK-2-A11,0,108305,W,10A,0.5,3,,,,,,,
2019-125,QCST07,PINK,006,202,84,,,,PK-2-A12,,108306,M,10A,0.9,5,RAB,0.01,5,,,,
2019-125,QCST07,PINK,007,201,83,,,,PK-2-B1,,108307,M,10A,1.7,3,RAB,0.8,5,OAA,0.5,3,
2019-125,QCST07,PINK,008,178,61,,,,PK-2-B2,,108308,M,RAB,3.8,3,10A,0.7,3,OAA,0.1,3,
2019-125,QCST07,PINK,009,170,51,,,,PK-2-B3,,108309,M,10A,1.2,5,RAB,0.9,5,OAA,0.1,3,
2019-125,QCST07,PINK,010,201,86,,,,PK-2-B4,,108310,M,RAB,2.9,3,OAA,1,3,10A,0.4,3,
2019-125,QCST07,PINK,011,216,106,,,,,,,,,,,,,,,,,
2019-125,QCST07,PINK,012,174,57,,,,,,,,,,,,,,,,,
2019-125,QCST07,PINK,013,195,79,,,,,,,,,,,,,,,,,
2019-125,QCST07,CHUM,001,221,118,,,,CM-1-H11,,112395,W,10A,1.6,3,,,,,,,
2019-125,QCST07,CHUM,002,202,76,,,,CM-1-H12,,112396,W,10A,1.2,5,,,,,,,
2019-125,QCST08,SOCKEYE,001,164,44,,,,SE-1-D1,,118137,W,OAA,0.01,3,,,,,,,BLOOD 367
2019-125,QCST08,CHINOOK,001,226,140,,,,CK-1-D1,,124337,W,M010,1.4,5,,,,,,,
2019-125,QCST08,CHUM,001,222,108,,,,CM-2-A1,,112397,W,OAA,0.3,3,,,,,,,
2019-125,QCST08,CHUM,002,209,96,,,,CM-2-A2,,112398,W,OAA,0.2,3,,,,,,,
2019-125,QCST08,CHUM,003,214,105,,,,CM-2-A3,,112399,W,OAA,0.01,3,,,,,,,
2019-125,QCST08,CHUM,004,210,105,,,,CM-2-A4,,112400,W,OAA,0.4,3,,,,,,,
2019-125,QCST08,CHUM,005,213,96,,,,CM-2-A5,,112401,W,OAA,0.01,3,,,,,,,
2019-125,QCST08,CHUM,006,207,89,,,,CM-2-A6,,112402,M,OAA,0.1,3,,,,,,,
2019-125,QCST08,CHUM,007,208,93,,,,CM-2-A7,,112403,M,OAA,0.1,3,,,,,,,
2019-125,QCST08,CHUM,008,207,97,,,,CM-2-A8,,112404,M,OAA,0.01,3,,,,,,,
2019-125,QCST08,CHUM,009,209,98,,,,CM-2-A9,,112405,M,OAA,0.1,3,,,,,,,
2019-125,QCST08,CHUM,010,197,79,,,,CM-2-A10,,112406,M,OAA,0.01,3,,,,,,,
2019-125,QCST08,CHUM,011,214,106,,,,,,,,,,,,,,,,,
2019-125,QCST08,CHUM,012,236,139,,,,,,,,,,,,,,,,,
2019-125,QCST08,CHUM,013,190,63,,,,,,,,,,,,,,,,,
2019-125,QCST08,CHUM,014,232,134,,,,,,,,,,,,,,,,,
2019-125,QCST08,CHUM,015,218,109,,,,,,,,,,,,,,,,,
2019-125,QCST08,CHUM,016,212,107,,,,,,,,,,,,,,,,,
2019-125,QCST08,CHUM,017,223,118,,,,,,,,,,,,,,,,,
2019-125,QCST08,CHUM,018,186,63,,,,,,,,,,,,,,,,,
2019-125,QCST08,COHO,001,288,321,,AD,,CO-1-B4,,115417,M,OAA,0.01,3,,,,,,,
2019-125,QCST08,COHO,002,276,272,,,,CO-1-B5,,115418,M,OAA,0.01,3,RAB,0.01,3,,,,
2019-125,QCST08,COHO,003,280,277,,,,CO-1-B6,,115419,M,RAB,0.1,3,,,,,,,
2019-125,QCST08,COHO,004,335,458,,AD,,CO-1-B7,,115420,M,M002,,,,,,,,,
2019-125,QCST08,COHO,005,309,352,,AD,,CO-1-B8,,115421,M,RAB,0.01,3,,,,,,,
2019-125,QCST08,COHO,006,280,279,,,,CO-1-B9,,115422,,M002,,,,,,,,,
2019-125,QCST08,COHO,007,310,373,,,,CO-1-B10,,115423,,RAB,0.01,3,,,,,,,
2019-125,QCST08,COHO,008,295,302,,AD,,CO-1-B11,,115424,,OAA,0.01,3,,,,,,,
2019-125,QCST08,CHUM ADULT,001,716,1870,,,F,CM-2-A11,,112407,M,M002,,,,,,,,,
2019-125,QCST08,PINK,001,188,60,,,,PK-2-B5,,108311,W,OAA,0.3,3,,,,,,,
2019-125,QCST08,PINK,002,174,53,,,,PK-2-B6,,108312,W,OAA,0.2,1,,,,,,,
2019-125,QCST08,PINK,003,187,73,,,,PK-2-B7,,108313,W,M002,,,,,,,,,
2019-125,QCST08,PINK,004,178,55,,,,PK-2-B8,,108314,W,OAA,0.01,3,,,,,,,
2019-125,QCST08,PINK,005,190,72,,,,PK-2-B9,,108315,W,OAA,0.01,3,,,,,,,
2019-125,QCST08,PINK,006,202,89,,,,PK-2-B10,,108316,M,M002,,,,,,,,,
2019-125,QCST08,PINK,007,170,50,,,,PK-2-B11,,108317,M,OAA,0.01,3,,,,,,,
2019-125,QCST08,PINK,008,183,62,,,,PK-2-B12,,108318,M,OAA,0.3,3,,,,,,,
2019-125,QCST08,PINK,009,174,53,,,,PK-2-C1,,108319,M,OAA,0.1,3,RAB,0.01,3,,,,
2019-125,QCST08,PINK,010,208,83,,,,PK-2-C2,,108320,M,OAA,0.01,3,,,,,,,
2019-125,QCST08,PINK,011,190,71,,,,,,,,,,,,,,,,,
2019-125,QCST08,PINK,012,175,52,,,,,,,,,,,,,,,,,
2019-125,QCST08,PINK,013,181,65,,,,,,,,,,,,,,,,,
2019-125,QCST08,PINK,014,189,69,,,,,,,,,,,,,,,,,
2019-125,QCST08,PINK,015,190,61,,,,,,,,,,,,,,,,,
2019-125,QCST08,PINK,016,230,88,,,,,,,,,,,,,,,,,
2019-125,QCST08,PINK,017,185,63,,,,,,,,,,,,,,,,,
2019-125,QCST08,PINK,018,190,66,,,,,,,,,,,,,,,,,
2019-125,QCST08,PINK,019,228,118,,,,,,,,,,,,,,,,,
2019-125,QCST08,PINK,020,170,49,,,,,,,,,,,,,,,,,
2019-125,QCST08,PINK,021,206,94,,,,,,,,,,,,,,,,,
2019-125,QCST08,PINK,022,178,52,,,,,,,,,,,,,,,,,
2019-125,QCST08,PINK,023,192,79,,,,,,,,,,,,,,,,,
2019-125,QCST08,PINK,024,173,50,,,,,,,,,,,,,,,,,
2019-125,QCST08,PINK,025,104,90,,,,,,,,,,,,,,,,,
2019-125,QCST08,PINK,026,192,78,,,,,,,,,,,,,,,,,
2019-125,QCST08,PINK,027,183,66,,,,,,,,,,,,,,,,,
2019-125,QCST08,PINK,028,185,76,,,,,,,,,,,,,,,,,
2019-125,QCST08,PINK,029,176,54,,,,,,,,,,,,,,,,,
2019-125,QCST08,PINK,030,172,60,,,,,,,,,,,,,,,,,
2019-125,QCST08,SABLEFISH,001,252,141,,,,,,,,M002,,,,,,,,,
2019-125,QCST08,SABLEFISH,002,241,116,,,,,,,,SCA,0.01,5,,,,,,,
2019-125,QCST08,SABLEFISH,003,236,117,,,,,,,,OAA,0.1,3,,,,,,,
2019-125,QCST08,SABLEFISH,004,247,129,,,,,,,,M010,0.01,3,,,,,,,
2019-125,QCST08,SABLEFISH,005,243,128,,,,,,,,M011,0.6,5,OAA,0.01,3,,,,
2019-125,QCST08,SABLEFISH,006,241,121,,,,,,,,OAA,0.01,3,,,,,,,
2019-125,QCST08,SABLEFISH,007,248,129,,,,,,,,OAB,0.1,3,OAA,0.01,3,KAA,0.01,3,
2019-125,QCST08,SABLEFISH,008,254,142,,,,,,,,OAA,0.01,3,,,,,,,
2019-125,QCST08,SABLEFISH,009,256,143,,,,,,,,92A,0.1,5,OAB,0.01,3,OAA,0.01,3,
2019-125,QCST08,SABLEFISH,010,250,131,,,,,,,,M002,,,,,,,,,
2019-125,QCST08,SABLEFISH,011,234,111,,,,,,,,,,,,,,,,,
2019-125,QCST08,SABLEFISH,012,243,110,,,,,,,,,,,,,,,,,
2019-125,QCST09,CHUM,001,213,110,,,,CM-2-A12,,112408,W,OAA,0.01,5,,,,,,,
2019-125,QCST09,CHUM,002,211,104,,,,CM-2-B1,,112409,W,OAA,0.2,3,,,,,,,
2019-125,QCST09,CHUM,003,222,110,,,,CM-2-B2,,112410,W,OAA,0.1,5,,,,,,,
2019-125,QCST09,CHUM,004,207,94,,,,CM-2-B3,,112417,W,M002,,,,,,,,,
2019-125,QCST09,CHUM,005,232,134,,,,CM-2-B4,,112412,W,OAA,0.01,3,,,,,,,
2019-125,QCST09,CHUM,006,210,90,,,,CM-2-B5,,112413,M,OAA,0.1,3,,,,,,,
2019-125,QCST09,CHUM,007,212,104,,,,CM-2-B6,,112414,M,M011,0.1,5,,,,,,,
2019-125,QCST09,CHUM,008,217,106,,,,CM-2-B7,,112415,M,M011,0.2,5,10A,0.01,3,,,,
2019-125,QCST09,CHUM,009,209,96,,,,CM-2-B8,,112416,M,M002,,,,,,,,,
2019-125,QCST09,CHUM,010,210,92,,,,CM-2-B9,,112411,M,OAA,0.2,3,,,,,,,
2019-125,QCST09,CHUM,011,214,,,,,,,,,,,,,,,,,,
2019-125,QCST09,CHUM,012,222,,,,,,,,,,,,,,,,,,
2019-125,QCST09,CHUM,013,197,,,,,,,,,,,,,,,,,,
2019-125,QCST09,CHUM,014,184,,,,,,,,,,,,,,,,,,
2019-125,QCST09,CHUM,015,198,,,,,,,,,,,,,,,,,,
2019-125,QCST09,CHUM,016,207,,,,,,,,,,,,,,,,,,
2019-125,QCST09,CHUM,017,213,,,,,,,,,,,,,,,,,,
2019-125,QCST09,CHUM,018,201,,,,,,,,,,,,,,,,,,
2019-125,QCST09,CHUM,019,215,,,,,,,,,,,,,,,,,,
2019-125,QCST09,CHUM,020,208,,,,,,,,,,,,,,,,,,
2019-125,QCST09,CHUM,021,208,,,,,,,,,,,,,,,,,,
2019-125,QCST09,CHUM,022,207,,,,,,,,,,,,,,,,,,
2019-125,QCST09,CHUM,023,204,,,,,,,,,,,,,,,,,,
2019-125,QCST09,CHUM,024,215,,,,,,,,,,,,,,,,,,
2019-125,QCST09,CHUM,025,212,,,,,,,,,,,,,,,,,,
2019-125,QCST09,CHUM,026,221,,,,,,,,,,,,,,,,,,
2019-125,QCST09,CHUM,027,217,,,,,,,,,,,,,,,,,,
2019-125,QCST09,CHUM,028,211,,,,,,,,,,,,,,,,,,
2019-125,QCST09,CHUM,029,207,,,,,,,,,,,,,,,,,,
2019-125,QCST09,CHUM,030,217,,,,,,,,,,,,,,,,,,
2019-125,QCST09,CHINOOK,001,237,166,,,,CK-1-D02,,124338,W,M011,2.8,5,,,,,,,
2019-125,QCST09,SABLEFISH,001,245,122,,,,,,,,OAA,0.2,3,,,,,,,
2019-125,QCST09,SABLEFISH,002,243,130,,,,,,,,M011,6.6,5,,,,,,,
2019-125,QCST09,PINK,001,183,58,,,,PK-2-C3,,108321,W,M011,0.01,5,,,,,,,
2019-125,QCST09,PINK,002,185,64,,,,PK-2-C4,,108322,W,OAA,0.01,3,,,,,,,
2019-125,QCST09,PINK,003,169,49,,,,PK-2-C5,,108323,W,M002,,,,,,,,,
2019-125,QCST09,PINK,004,174,55,,,,PK-2-C6,,108324,W,OAA,0.01,5,,,,,,,
2019-125,QCST09,PINK,005,170,50,,,,PK-2-C7,,108325,W,M002,,,,,,,,,
2019-125,QCST09,PINK,006,193,70,,,,PK-2-C8,,108326,M,OAA,0.1,3,,,,,,,
2019-125,QCST09,PINK,007,162,40,,,,PK-2-C9,,108327,M,OAA,0.01,3,,,,,,,
2019-125,QCST09,PINK,008,183,60,,,,PK-2-C10,,108328,M,OAA,0.01,5,,,,,,,
2019-125,QCST09,PINK,009,195,78,,,,PK-2-C11,,108329,M,OAA,0.01,5,,,,,,,
2019-125,QCST09,PINK,010,177,52,,,,PK-2-C12,,108330,M,OAA,0.01,3,,,,,,,
2019-125,QCST09,PINK,011,204,84,,,,,,,,,,,,,,,,,
2019-125,QCST09,PINK,012,170,47,,,,,,,,,,,,,,,,,
2019-125,QCST09,PINK,013,198,81,,,,,,,,,,,,,,,,,
2019-125,QCST09,PINK,014,182,57,,,,,,,,,,,,,,,,,
2019-125,QCST09,PINK,015,180,55,,,,,,,,,,,,,,,,,
2019-125,QCST09,PINK,016,175,54,,,,,,,,,,,,,,,,,
2019-125,QCST09,PINK,017,175,51,,,,,,,,,,,,,,,,,
2019-125,QCST09,PINK,018,176,58,,,,,,,,,,,,,,,,,
2019-125,QCST09,PINK,019,178,56,,,,,,,,,,,,,,,,,
2019-125,QCST09,PINK,020,179,58,,,,,,,,,,,,,,,,,
2019-125,QCST09,PINK,021,187,64,,,,,,,,,,,,,,,,,
2019-125,QCST09,PINK,022,168,48,,,,,,,,,,,,,,,,,
2019-125,QCST09,PINK,023,206,93,,,,,,,,,,,,,,,,,
2019-125,QCST09,PINK,024,177,59,,,,,,,,,,,,,,,,,
2019-125,QCST09,PINK,025,200,77,,,,,,,,,,,,,,,,,
2019-125,QCST09,PINK,026,195,78,,,,,,,,,,,,,,,,,
2019-125,QCST09,PINK,027,188,68,,,,,,,,,,,,,,,,,
2019-125,QCST09,PINK,028,187,66,,,,,,,,,,,,,,,,,
2019-125,QCST09,PINK,029,180,60,,,,,,,,,,,,,,,,,
2019-125,QCST09,PINK,030,186,73,,,,,,,,,,,,,,,,,
2019-125,QCST09,COHO,001,295,319,Y,AD,,CO-1-B12,,115425,M,RAB,0.5,3,,,,,,,
2019-125,QCST09,COHO,002,291,298,Y,AD,,CO-1-C1,,115426,M,OAA,0.01,5,,,,,,,
2019-125,QCST09,COHO,003,276,269,,,,CO-1-C2,,115427,M,OAA,0.01,5,,,,,,,
2019-125,QCST09,COHO,004,349,528,,,,CO-1-C3,,115428,M,RAB,0.01,3,,,,,,,
2019-125,QCST09,COHO,005,270,233,,,,CO-1-C4,,115429,M,RAB,0.01,3,OAA,0.01,3,,,,
2019-125,QCST09,COHO,006,270,241,,,,CO-1-C5,,115430,,OAA,0.01,3,,,,,,,
2019-125,QCST09,COHO,007,309,384,,,,CO-1-C6,,115431,,RAB,0.2,3,OAA,0.01,3,,,,
2019-125,BR01,CHUM,001,212,103,,,,CM-2-B10,,112148,W,M011,0.1,5,,,,,,,
2019-125,BR01,CHUM,002,181,61,,,,CM-2-B11,,112149,W,M011,0.4,5,OAA,0.01,3,,,,
2019-125,BR01,CHUM,003,222,111,,,,CM-2-B12,,112150,W,M011,0.3,5,,,,,,,
2019-125,BR01,SABLEFISH,001,252,157,,,,,,,,M011,1.5,5,,,,,,,
2019-125,BR01,SABLEFISH,002,244,126,,,,,,,,M010,1.9,5,,,,,,,
2019-125,BR01,SABLEFISH,003,235,121,,,,,,,,RAB,1.5,5,OAB,0.5,5,,,,
2019-125,BR01,CHINOOK,001,194,91,,,,CK-1-D3,,124339,W,96,3.5,5,92A,0.01,3,,,,
2019-125,BR01,CHINOOK,002,219,125,,,,CK-1-D4,,112340,W,96,6.6,5,,,,,,,
2019-125,BR01,CHINOOK,003,225,144,,,,CK-1-D5,,100341,W,96,7.5,5,,,,,,,
2019-125,BR01,CHINOOK,004,214,125,,,,CK-1-D6,,88342,W,96,4.5,5,,,,,,,
2019-125,BR01,CHINOOK,005,226,144,,,,CK-1-D7,,76343,W,96,3.7,5,,,,,,,
2019-125,BR01,CHINOOK,006,204,105,,,,CK-1-D8,,64344,M,M002,,,,,,,,,
2019-125,BR01,CHINOOK,007,224,133,,,,CK-1-D9,,52345,M,SCA,0.2,5,,,,,,,
2019-125,BR01,CHINOOK,008,216,128,,,,CK-1-D10,,40346,M,96,11.5,3,,,,,,,
2019-125,BR01,CHINOOK,009,203,109,,,,CK-1-D11,,28347,M,96,2,3,,,,,,,
2019-125,BR01,CHINOOK,010,216,122,,,,CK-1-D12,,16348,M,96,3,5,,,,,,,
2019-125,BR01,CHINOOK,011,216,127,Y,AD,,,,,,,,,,,,,,,
2019-125,BR01,CHINOOK,012,188,86,Y,AD,,,,,,,,,,,,,,,
2019-125,BR01,CHINOOK,013,180,88,,,,,,,,,,,,,,,,,
2019-125,BR01,CHINOOK,014,203,105,,,,,,,,,,,,,,,,,
2019-125,BR01,CHINOOK,015,198,87,,,,,,,,,,,,,,,,,
2019-125,BR01,CHINOOK,016,176,67,,,,,,,,,,,,,,,,,
2019-125,BR01,CHINOOK,017,185,76,,,,,,,,,,,,,,,,,
2019-125,BR01,CHINOOK,018,210,106,,,,,,,,,,,,,,,,,
2019-125,BR01,CHINOOK,019,237,166,,,,,,,,,,,,,,,,,
2019-125,BR01,CHINOOK,020,176,67,,,,,,,,,,,,,,,,,
2019-125,BR01,CHINOOK,021,158,48,,,,,,,,,,,,,,,,,
2019-125,BR01,CHINOOK,022,189,88,,,,,,,,,,,,,,,,,
2019-125,BR01,CHINOOK,023,182,76,,,,,,,,,,,,,,,,,
2019-125,BR01,CHINOOK ADULT,001,340,700,,,,CK-1-E1,,124349,M,96,0.4,5,,,,,,,
2019-125,BR02,CHINOOK,001,219,135,,,,CK-1-E2,,124350,W,96,2,5,,,,,,,
2019-125,BR03,CHINOOK,001,189,69,,,,CK-1-E3,,124351,W,M010,0.9,5,,,,,,,
2019-125,BR03,CHINOOK,002,200,95,,,,CK-1-E4,,124352,W,0AB,0.2,5,OAA,0.01,5,,,,
2019-125,BR03,CHINOOK,003,172,58,,,,CK-1-E5,,124353,W,96,0.7,5,550,0.3,3,597,0.2,3,
2019-125,BR03,CHINOOK,004,255,217,,,,CK-1-E6,,124354,M,96,1.3,3,,,,,,,
2019-125,BR03,CHINOOK,005,181,73,,,,CK-1-E7,,124355,W,96,0.8,3,OAA,0.1,3,,,,
2019-125,BR03,CHINOOK,006,150,41,,,,CK-1-E8,,124356,W,96,1.3,3,550,0.2,3,,,,
2019-125,BR03,CHINOOK,007,185,76,,,,CK-1-E9,,124357,M,96,0.9,3,M014,0.1,3,OAA,0.01,3,CAPRILLIDS
2019-125,BR03,CHINOOK,008,149,41,,,,CK-1-E10,,124358,M,M010,1.1,5,OAA,0.01,3,,,,
2019-125,BR03,CHUM,001,184,70,,,,CM-2-C01,,112421,W,3X0,0.6,1,M011,0.4,5,,,,
2019-125,BR03,CHUM,002,200,86,,,,CM-2-C02,,112422,W,M011,1.1,5,3X0,0.2,1,,,,
2019-125,BR03,CHUM,003,193,74,,,,CM-2-C03,,112423,W,M011,0.7,5,3X0,0.3,1,,,,
2019-125,BR03,CHUM,004,227,124,,,,CM-2-C04,,112424,W,3X0,1.7,1,,,,,,,
2019-125,BR03,CHUM,005,203,94,,,,CM-2-C05,,112425,W,M011,1.2,5,3X0,0.5,1,,,,
2019-125,BR03,CHUM,006,197,83,,,,CM-2-C06,0,112426,M,M011,0.4,5,3X0,0.8,1,,,,
2019-125,BR03,CHUM,007,189,80,,,,CM-2-C07,,112427,M,M011,0.4,5,3X0,0.01,1,,,,
2019-125,BR03,CHUM,008,183,66,,,,CM-2-C08,,112428,M,M011,0.6,5,3X0,0.2,1,,,,
2019-125,BR03,CHUM,009,214,108,,,,CM-2-C09,,112429,M,M011,0.8,5,3X0,0.01,1,,,,
2019-125,BR03,CHUM,010,183,67,,,,CM-2-C10,,112430,M,M011,0.4,5,3X0,0.4,1,,,,
2019-125,BR03,CHUM,011,195,87,,,,,,,,,,,,,,,,,
2019-125,BR04,CHUM,001,197,77,,,,CM-2-C11,,112431,W,M011,0.01,5,,,,,,,
2019-125,BR04,CHUM,002,205,93,,,,CM-2-C12,,112432,W,M011,0.2,5,,,,,,,
2019-125,BR04,CHUM,003,186,62,,,,CM-2-D1,,112433,W,M011,0.1,5,,,,,,,
2019-125,BR04,CHUM,004,196,73,,,,CM-2-D2,,112434,W,M011,0.2,5,,,,,,,
2019-125,BR04,CHUM,005,183,60,,,,CM-2-D3,,112435,W,M011,0.1,5,3B9,0.1,3,,,,
2019-125,BR04,CHUM,006,194,71,,,,CM-2-D4,,112436,M,M011,0.1,5,,,,,,,
2019-125,BR04,CHUM,007,191,71,,,,CM-2-D5,,112437,M,M011,0.1,5,3B9,0.01,3,,,,
2019-125,BR04,CHUM,008,182,60,,,,CM-2-D6,,112438,M,M011,0.1,5,3B9,0.01,3,,,,
2019-125,BR04,CHUM,009,215,102,,,,CM-2-D7,,112439,M,M011,0.1,5,,,,,,,
2019-125,BR04,CHUM,010,209,103,,,,CM-2-D8,,112440,M,96,5.7,3,,,,,,,
2019-125,BR04,CHUM,011,197,76,,,,,,,,,,,,,,,,,
2019-125,BR04,CHUM,012,185,63,,,,,,,,,,,,,,,,,
2019-125,BR04,CHUM,013,178,56,,,,,,,,,,,,,,,,,
2019-125,BR04,CHUM,014,206,90,,,,,,,,,,,,,,,,,
2019-125,BR04,CHUM,015,198,71,,,,,,,,,,,,,,,,,
2019-125,BR04,CHINOOK,001,242,171,,,,CK-1-E11,,124359,W,96,2.5,3,,,,,,,
2019-125,BR04,FRIED EGG JELLY,001,350,,,,,,,,,,,,,,,,,,
2019-125,BR04,LIONS MANE,001,510,,,,,,,,,,,,,,,,,,
2019-125,BR04,LIONS MANE,002,420,,,,,,,,,,,,,,,,,,
2019-125,BR04,MOON JELLY,001,210,,,,,,,,,,,,,,,,,,
2019-125,BR05,HERRING,001,102,11,,,,,,,,M002,,,,,,,,,
2019-125,BR05,LIONS MANE,001,580,,,,,,,,,,,,,,,,,,
2019-125,BR05,LIONS MANE,002,590,,,,,,,,,,,,,,,,,,
2019-125,BR05,LIONS MANE,003,420,,,,,,,,,,,,,,,,,,
2019-125,BR05,LIONS MANE,004,650,,,,,,,,,,,,,,,,,,
2019-125,BR05,LIONS MANE,005,560,,,,,,,,,,,,,,,,,,
2019-125,BR05,LIONS MANE,006,330,,,,,,,,,,,,,,,,,,
2019-125,KI01,STARRY FLOUNDER,001,400,863,,,,,,,,,,,,,,,,,RELEASED ALIVE
2019-125,KI02,CHINOOK,001,205,108,,,,CK-1-E12,,124360,W,96,1.6,3,RAB,0.01,3,,,,
2019-125,KI02,CHINOOK,002,208,109,,,,CK-1-F1,,124361,W,96,3.5,3,,,,,,,
2019-125,KI02,CHINOOK,003,159,45,,,,CK-1-F2,,124362,W,M010,0.2,3,RAB,0.1,3,550,0.01,,
2019-125,KI02,CHINOOK,004,143,32,,,,CK-1-F3,,124363,W,OAA,0.1,3,550,0.1,3,SCA,0.01,,
2019-125,KI02,CHINOOK,005,143,32,,,,CK-1-F4,,124364,W,SCA,0.3,3,550,0.01,3,RAB,0.01,,
2019-125,KI02,WALLEYE POLLOCK,001,106,9,,,,,,,W,RAB,0.2,5,,,,,,,
2019-125,KI02,STARRY FLOUNDER,001,510,1550,,,,,,,M,OAA,0.01,1,,,,,,,
